-- phpMyAdmin SQL Dump
-- version 4.6.6deb5ubuntu0.5
-- https://www.phpmyadmin.net/
--
-- Host: localhost:3306
-- Generation Time: Feb 25, 2021 at 01:08 PM
-- Server version: 5.7.33-0ubuntu0.18.04.1
-- PHP Version: 7.2.24-0ubuntu0.18.04.7

SET SQL_MODE = "NO_AUTO_VALUE_ON_ZERO";
SET time_zone = "+00:00";


/*!40101 SET @OLD_CHARACTER_SET_CLIENT=@@CHARACTER_SET_CLIENT */;
/*!40101 SET @OLD_CHARACTER_SET_RESULTS=@@CHARACTER_SET_RESULTS */;
/*!40101 SET @OLD_COLLATION_CONNECTION=@@COLLATION_CONNECTION */;
/*!40101 SET NAMES utf8mb4 */;

--
-- Database: `freedbtech_dictionary`
--

-- --------------------------------------------------------

--
-- Table structure for table `dictionaries`
--

CREATE TABLE `dictionaries` (
  `id` bigint(20) UNSIGNED NOT NULL,
  `armenian` varchar(255) COLLATE utf8mb4_unicode_ci NOT NULL,
  `english` varchar(255) COLLATE utf8mb4_unicode_ci NOT NULL,
  `user_id` bigint(20) UNSIGNED NOT NULL,
  `created_at` timestamp NULL DEFAULT NULL,
  `updated_at` timestamp NULL DEFAULT NULL
) ENGINE=InnoDB DEFAULT CHARSET=utf8mb4 COLLATE=utf8mb4_unicode_ci;

--
-- Dumping data for table `dictionaries`
--

INSERT INTO `dictionaries` (`id`, `armenian`, `english`, `user_id`, `created_at`, `updated_at`) VALUES
(1, 'մոլի', 'avid', 2, '2021-02-18 12:43:33', '2021-02-18 12:43:33'),
(2, 'to iook', 'նայել', 3, '2021-02-18 13:33:28', '2021-02-18 13:33:28'),
(3, 'to talk', 'խոսել', 3, '2021-02-18 13:34:20', '2021-02-18 13:34:20'),
(5, 'to speak', 'խոսել', 3, '2021-02-18 13:35:15', '2021-02-18 13:35:15'),
(7, 'ինչպես', 'how', 5, '2021-02-18 14:35:29', '2021-02-18 14:35:56'),
(14, 'English', 'Armenian', 6, '2021-02-18 14:56:19', '2021-02-18 14:56:19'),
(16, 'Ի դեպ', 'Btw', 7, '2021-02-18 16:20:03', '2021-02-18 16:20:03'),
(17, 'Armenian', 'English', 8, '2021-02-18 16:23:05', '2021-02-18 16:23:05'),
(18, 'Armenian', 'English', 8, '2021-02-18 16:23:38', '2021-02-18 16:23:38'),
(19, 'Զոհ', 'victim', 9, '2021-02-18 17:09:54', '2021-02-18 17:09:54'),
(20, 'ջրհեղեղ', 'flood', 9, '2021-02-18 17:10:23', '2021-02-18 17:10:23'),
(21, 'հաղթահարել', 'cope with', 9, '2021-02-18 17:10:50', '2021-02-18 17:10:50'),
(22, 'Օգուտ', 'benefit', 9, '2021-02-18 17:11:11', '2021-02-18 17:11:11'),
(23, 'պնդել', 'maintain/to insist', 9, '2021-02-18 17:11:54', '2021-02-18 17:11:54'),
(24, 'հարմար', 'convenient', 9, '2021-02-18 17:12:28', '2021-02-18 17:12:28'),
(25, 'ավազ', 'sand', 9, '2021-02-18 17:12:47', '2021-02-18 17:12:47'),
(26, 'առաջանալ', 'emerged', 9, '2021-02-18 17:13:23', '2021-02-18 17:13:23'),
(31, 'Բեմ', 'Stage', 12, '2021-02-18 20:19:13', '2021-02-18 20:19:13'),
(32, 'Առավոտ', 'Morning', 16, '2021-02-19 06:52:19', '2021-02-19 06:52:19'),
(33, 'Մշտական', 'Permanent', 16, '2021-02-19 06:52:42', '2021-02-19 06:52:42'),
(34, 'Հիմնական', 'basically', 16, '2021-02-19 06:54:11', '2021-02-19 06:54:11'),
(35, 'Իրականում', 'actually', 16, '2021-02-19 06:55:34', '2021-02-19 06:55:34'),
(36, 'Գեղեցիկ տեսարան', 'Beautiful view', 16, '2021-02-19 06:56:08', '2021-02-19 06:56:08'),
(37, 'հաստ', 'thick', 2, '2021-02-19 06:58:11', '2021-02-19 06:58:11'),
(38, 'դիտարկել', 'Consider', 16, '2021-02-19 07:10:16', '2021-02-19 07:10:16'),
(39, 'պահպանել', 'Conserve', 16, '2021-02-19 07:11:02', '2021-02-19 07:11:02'),
(40, 'Մատնանշել', 'Point out', 16, '2021-02-19 07:12:30', '2021-02-19 07:12:30'),
(41, 'Հետևանք', 'Consequences', 15, '2021-02-19 07:13:35', '2021-02-19 07:13:35'),
(42, 'Քնքուշ', 'Tender', 16, '2021-02-19 07:14:49', '2021-02-19 07:14:49'),
(43, 'Տեսակետ', 'aspect', 15, '2021-02-19 07:14:51', '2021-02-19 07:14:51'),
(44, 'Ենթադրել', 'imply', 15, '2021-02-19 07:15:43', '2021-02-19 07:15:43'),
(45, 'Բարդ', 'Sophisticated', 16, '2021-02-19 07:16:03', '2021-02-19 07:16:03'),
(46, 'ազդեցություն', 'impact', 15, '2021-02-19 07:16:48', '2021-02-19 07:16:48'),
(47, 'Բութ', 'Blunt', 16, '2021-02-19 07:17:11', '2021-02-19 07:17:11'),
(48, 'սպառիչ', 'exhaustive', 15, '2021-02-19 07:17:31', '2021-02-19 07:17:31'),
(49, 'սպառել', 'consume', 15, '2021-02-19 07:18:46', '2021-02-19 07:18:46'),
(50, 'բացառել, իրականացնել', 'exercise', 15, '2021-02-19 07:19:47', '2021-02-19 07:19:47'),
(51, 'կատարել', 'implement', 15, '2021-02-19 07:20:27', '2021-02-19 07:20:27'),
(52, 'կատարել, ձեվակերպել', 'execute', 15, '2021-02-19 07:21:55', '2021-02-19 07:21:55'),
(53, 'բավարարել, համապատասխանել', 'satisfy', 15, '2021-02-19 07:22:54', '2021-02-19 07:22:54'),
(54, 'սխալ', 'flaw', 15, '2021-02-19 07:23:38', '2021-02-19 07:23:38'),
(55, 'շեղում', 'deviation', 15, '2021-02-19 07:24:42', '2021-02-19 07:24:42'),
(56, 'Ինքնավստահ', 'Confident', 16, '2021-02-19 07:43:13', '2021-02-19 07:43:13'),
(57, 'միանգամայն', 'Fairly', 16, '2021-02-19 07:44:35', '2021-02-19 07:44:35'),
(58, 'պահուստային', 'Reserve', 16, '2021-02-19 07:45:42', '2021-02-19 07:45:42'),
(59, 'Հարկ', 'Floor', 16, '2021-02-19 07:46:03', '2021-02-19 07:46:03'),
(61, 'Փոփոխել', 'Modify', 1, '2021-02-19 07:56:32', '2021-02-19 07:56:32'),
(63, 'ես', 'I', 18, '2021-02-19 09:26:27', '2021-02-19 09:26:27'),
(64, 'չարաճճի', 'Naughty', 19, '2021-02-19 09:26:33', '2021-02-19 09:26:33'),
(65, 'դու', 'you', 18, '2021-02-19 09:26:58', '2021-02-19 09:26:58'),
(67, 'նա', 'ha, she, it', 18, '2021-02-19 09:27:52', '2021-02-19 09:27:52'),
(68, 'մենք', 'We', 18, '2021-02-19 09:28:34', '2021-02-19 09:28:34'),
(69, 'դուք', 'you', 18, '2021-02-19 09:29:07', '2021-02-19 09:29:07'),
(70, 'տեղակայել', 'Deploy', 19, '2021-02-19 09:29:15', '2021-02-19 09:29:15'),
(71, 'նրանք', 'they', 18, '2021-02-19 09:29:31', '2021-02-19 09:29:31'),
(72, 'պատերսզմից տուժած, ավերված', 'War-torn', 19, '2021-02-19 09:30:17', '2021-02-19 09:30:17'),
(73, 'թույն', 'cool', 18, '2021-02-19 09:31:08', '2021-02-19 09:31:08'),
(75, 'դիրքորոշում', 'stance', 20, '2021-02-19 10:09:12', '2021-02-19 10:09:12'),
(76, 'գերակշռում', 'override', 1, '2021-02-19 11:41:15', '2021-02-19 11:41:15'),
(77, 'գերակշռում', 'override', 1, '2021-02-19 11:41:16', '2021-02-19 11:41:16'),
(78, 'ներկայացված', 'represented', 1, '2021-02-19 11:45:42', '2021-02-19 11:45:42'),
(79, 'ծանրաբեռնվածություն', 'overloading', 1, '2021-02-19 11:46:18', '2021-02-19 11:46:18'),
(80, 'իրականացվել', 'implemented', 1, '2021-02-19 12:16:15', '2021-02-19 12:16:15'),
(81, 'համեմատություններ', 'comparisons', 1, '2021-02-19 12:17:52', '2021-02-19 12:17:52'),
(83, 'շահարկում', 'manipulation', 1, '2021-02-19 12:36:44', '2021-02-19 12:36:44'),
(84, 'հատկացված', 'allocated', 1, '2021-02-19 12:38:22', '2021-02-19 12:38:22'),
(85, 'Լքել, հրաժարվել', 'Abandon', 22, '2021-02-19 13:36:18', '2021-02-19 13:36:18'),
(86, 'Սուր, խորամանկ,', 'Keen(sharp, eager, intense, sensitive)', 22, '2021-02-19 13:37:23', '2021-02-19 13:37:23'),
(87, 'Այրի կին', 'Widow', 22, '2021-02-19 13:40:45', '2021-02-19 13:40:45'),
(88, 'Մտածողություն', 'Thoughtfulness', 22, '2021-02-19 13:43:47', '2021-02-19 13:43:47'),
(89, 'Դատարանում', 'In court', 22, '2021-02-19 13:46:21', '2021-02-19 13:46:21'),
(90, 'Երդում', 'Oath', 22, '2021-02-19 13:46:37', '2021-02-19 13:46:37'),
(91, 'Մսագործ', 'Butcher', 22, '2021-02-19 13:50:25', '2021-02-19 13:50:25'),
(92, 'Վկա', 'Witness', 22, '2021-02-19 13:55:29', '2021-02-19 13:55:29'),
(93, 'Զայրացած երդում տալ', 'Let out an angry oath', 22, '2021-02-19 13:57:42', '2021-02-19 13:57:42'),
(94, 'Թափուր(ազատ) տարածք', 'Vacant lot', 22, '2021-02-19 14:00:12', '2021-02-19 14:00:12'),
(95, 'Ներխուժել', 'Break in(broke in)', 22, '2021-02-19 14:02:38', '2021-02-19 14:02:38'),
(96, 'Ազատ տարածության վրա տուն կառուցել', 'To built a house on vacant lot', 22, '2021-02-19 14:03:56', '2021-02-19 14:03:56'),
(97, 'Հաղթահարել', 'Overcome', 22, '2021-02-19 14:07:04', '2021-02-19 14:07:04'),
(98, 'Դժվարության պատճառով', 'On account of hardship', 22, '2021-02-19 14:08:23', '2021-02-19 14:08:23'),
(99, 'Թողնել', 'Let out', 22, '2021-02-19 14:09:04', '2021-02-19 14:09:04'),
(100, 'Ընկեր', 'Buddy', 22, '2021-02-19 14:11:13', '2021-02-19 14:11:13'),
(101, 'Երդվել', 'Sware(swore)', 22, '2021-02-19 14:13:24', '2021-02-19 14:13:24'),
(102, 'Մրցույթի մտնել', 'Enter the contest', 22, '2021-02-19 14:15:38', '2021-02-19 14:15:38'),
(103, 'Տվյալ', 'Data(information, facts)', 22, '2021-02-19 14:18:45', '2021-02-19 14:18:45'),
(104, 'Չհնազանդվել', 'Disobey', 22, '2021-02-19 14:22:03', '2021-02-19 14:22:03'),
(105, 'Սովոր չլինել', 'Unaccustomed', 22, '2021-02-19 14:23:20', '2021-02-19 14:23:20'),
(106, 'Մնալ', 'Remain', 22, '2021-02-19 14:24:45', '2021-02-19 14:24:45'),
(107, 'չշտապել', 'Take one\'s time', 23, '2021-02-19 14:36:21', '2021-02-19 14:36:21'),
(108, 'գործած', 'Knitted', 24, '2021-02-19 15:06:51', '2021-02-19 15:06:51'),
(109, 'չափել, չափը վերցնել', 'Measure', 24, '2021-02-19 15:08:02', '2021-02-19 15:08:02'),
(110, 'պիտակ', 'label', 24, '2021-02-19 15:08:24', '2021-02-19 15:08:24'),
(111, 'բուլկի', 'Roll, bun', 24, '2021-02-19 15:09:22', '2021-02-19 15:09:22'),
(112, 'հազար', 'Lettuce', 24, '2021-02-19 15:10:06', '2021-02-19 15:10:06'),
(113, 'Confectionery', 'հրուշակեղեն', 24, '2021-02-19 15:10:39', '2021-02-19 15:10:39'),
(114, 'ձողաձուկ', 'Cod', 24, '2021-02-19 15:11:12', '2021-02-19 15:11:12'),
(115, 'Չնչին գաղափար', 'Slightest idea', 22, '2021-02-19 15:20:57', '2021-02-19 15:20:57'),
(117, 'լքել', 'abandon', 27, '2021-02-19 19:33:02', '2021-02-19 19:33:02'),
(119, 'բացասական', 'adversely', 27, '2021-02-19 19:33:21', '2021-02-19 19:33:21'),
(120, 'մշակել', 'cultivation', 27, '2021-02-19 19:45:04', '2021-02-19 19:45:04'),
(121, 'ոռոգել', 'irrigation', 27, '2021-02-19 19:45:25', '2021-02-19 19:45:25'),
(122, 'տեղումներ', 'precipitation', 27, '2021-02-19 19:51:46', '2021-02-19 19:51:46'),
(123, 'ամեն ինչ', 'anything', 28, '2021-02-19 19:51:46', '2021-02-19 19:51:46'),
(124, 'սով', 'famine', 27, '2021-02-19 19:52:04', '2021-02-19 19:52:04'),
(125, 'կանխագուշակել', 'anticipate', 27, '2021-02-19 19:52:37', '2021-02-19 19:53:20'),
(126, 'հավաքել', 'aggregate', 27, '2021-02-19 19:53:57', '2021-02-19 19:53:57'),
(127, 'պարարտացնել', 'fertilize', 27, '2021-02-19 19:54:47', '2021-02-19 19:54:47'),
(128, 'ուժեղացնել', 'intensify', 27, '2021-02-19 19:55:21', '2021-02-19 19:55:21'),
(129, 'ձեռք բերել', 'obtain', 27, '2021-02-19 19:55:52', '2021-02-19 19:55:52'),
(130, 'բախվել', 'collide', 27, '2021-02-19 19:56:22', '2021-02-19 19:56:22'),
(131, 'ժայթքել', 'eruption', 27, '2021-02-19 19:56:47', '2021-02-19 19:56:47'),
(132, 'ջրհեղեղ', 'flood', 27, '2021-02-19 19:57:15', '2021-02-19 19:57:15'),
(133, 'ազդեցություն', 'impact', 27, '2021-02-19 19:57:46', '2021-02-19 19:57:46'),
(134, 'համառել', 'persevere', 27, '2021-02-19 19:58:37', '2021-02-19 19:58:37'),
(135, 'սուզվել', 'plunge', 27, '2021-02-19 19:58:56', '2021-02-19 19:58:56'),
(136, 'սանձազերծել', 'unleash', 27, '2021-02-19 19:59:22', '2021-02-19 19:59:22'),
(137, 'երկրաչափություն', 'exponentially', 27, '2021-02-19 19:59:56', '2021-02-19 19:59:56'),
(138, 'հայտարար', 'denominator', 27, '2021-02-19 20:01:09', '2021-02-19 20:01:09'),
(139, 'մաքսիմում', 'maximize', 27, '2021-02-19 20:01:28', '2021-02-19 20:01:28'),
(140, 'Armenia', 'English', 30, '2021-02-19 20:01:34', '2021-02-19 20:01:34'),
(141, 'նորարական', 'innovative', 27, '2021-02-19 20:02:13', '2021-02-19 20:02:13'),
(142, 'հարմարեցնել', 'adjust', 27, '2021-02-19 20:03:08', '2021-02-19 20:03:08'),
(143, 'ծագել', 'derive', 27, '2021-02-19 20:03:45', '2021-02-19 20:03:45'),
(144, 'ինքանակամ', 'arbitrary', 27, '2021-02-19 20:04:05', '2021-02-19 20:04:05'),
(145, 'Էական', 'Essential', 16, '2021-02-19 20:04:15', '2021-02-19 20:04:15'),
(146, 'սպասարկում', 'maintenance', 27, '2021-02-19 20:04:25', '2021-02-19 20:04:25'),
(147, 'Կարևոր', 'Important', 16, '2021-02-19 20:04:34', '2021-02-19 20:04:34'),
(148, 'շատ փոքր', 'infinitesimall', 27, '2021-02-19 20:04:50', '2021-02-19 20:04:50'),
(150, 'զուգահեռ', 'parallel', 27, '2021-02-19 20:05:11', '2021-02-19 20:05:11'),
(151, 'համամասնություն', 'proportion', 27, '2021-02-19 20:05:31', '2021-02-19 20:05:31'),
(152, 'դրույք', 'rate', 27, '2021-02-19 20:06:02', '2021-02-19 20:06:02'),
(153, 'հաջորդականություն', 'sequence', 27, '2021-02-19 20:06:21', '2021-02-19 20:06:21'),
(154, 'շրջանառել', 'circulate', 27, '2021-02-19 20:06:48', '2021-02-19 20:06:48'),
(155, 'քայքայել', 'corrode', 27, '2021-02-19 20:07:06', '2021-02-19 20:07:06'),
(156, 'բացահայտում', 'detection', 27, '2021-02-19 20:07:26', '2021-02-19 20:07:26'),
(157, 'արագորեն', 'expeditously', 27, '2021-02-19 20:07:55', '2021-02-19 20:07:55'),
(158, 'իրականացնել', 'implement', 27, '2021-02-19 20:08:14', '2021-02-19 20:08:14'),
(159, 'տեղադրել', 'installation', 27, '2021-02-19 20:08:34', '2021-02-19 20:08:34'),
(160, 'մոդելավորում', 'simulation', 27, '2021-02-19 20:09:09', '2021-02-19 20:09:09'),
(161, 'այրել', 'combustion', 27, '2021-02-19 20:09:30', '2021-02-19 20:09:30'),
(162, 'պահեստարան', 'reseirvoir', 27, '2021-02-19 20:09:54', '2021-02-19 20:09:54'),
(164, 'արեգակնային', 'solar', 27, '2021-02-19 20:10:13', '2021-02-19 20:10:13'),
(165, 'բաղադրիչ', 'component', 27, '2021-02-19 20:10:34', '2021-02-19 20:10:34'),
(166, 'արտանետում', 'emission', 27, '2021-02-19 20:11:13', '2021-02-19 20:11:13'),
(168, 'փոխանցել', 'convey', 27, '2021-02-19 20:11:40', '2021-02-19 20:11:40'),
(169, 'դիսկրետ', 'discretely', 27, '2021-02-19 20:12:00', '2021-02-19 20:12:00'),
(170, 'միջուկ', 'nucleus', 27, '2021-02-19 20:12:53', '2021-02-19 20:12:53'),
(171, 'տնօրինել', 'dispose of-', 27, '2021-02-19 20:13:52', '2021-02-19 20:13:52'),
(172, 'փոքրիկ', 'title', 31, '2021-02-19 20:27:22', '2021-02-19 20:27:22'),
(173, 'Հիշողություն', 'Memory', 32, '2021-02-19 21:05:56', '2021-02-19 21:05:56'),
(175, 'Ոչնչացնել', 'Destroy', 33, '2021-02-20 04:33:56', '2021-02-20 04:33:56'),
(176, 'Մեղադրել', 'Blame', 33, '2021-02-20 04:34:40', '2021-02-20 04:34:40'),
(177, 'Բարձրացնել, ազնվացնել', 'Uplift', 33, '2021-02-20 04:35:25', '2021-02-20 04:35:25'),
(178, 'Երազել', 'Daydream', 33, '2021-02-20 04:35:54', '2021-02-20 04:35:54'),
(179, 'Ցուցադրել', 'Demonstrate', 33, '2021-02-20 04:37:18', '2021-02-20 04:37:18'),
(180, 'օտար', 'foreign', 38, '2021-02-20 13:39:14', '2021-02-20 13:39:14'),
(181, 'բովանդակություն', 'gist', 38, '2021-02-20 13:39:38', '2021-02-20 13:39:38'),
(182, 'ճանաչել, հասկանալ', 'recognise', 38, '2021-02-20 13:40:41', '2021-02-20 13:42:20'),
(183, 'անցնել ինչ որ բանի միջով', 'go through sth', 38, '2021-02-20 13:40:43', '2021-02-20 13:43:34'),
(184, 'ենթադրել, գուշակել  ինչ որ բան', 'guess  sth', 38, '2021-02-20 13:44:36', '2021-02-20 13:44:36'),
(185, 'վստահ լինել', 'sure', 38, '2021-02-20 13:46:35', '2021-02-20 13:46:35'),
(186, 'սեփական', 'own', 38, '2021-02-20 13:46:52', '2021-02-20 13:46:52'),
(187, 'փորձել', 'try', 38, '2021-02-20 13:47:20', '2021-02-20 13:47:20'),
(188, 'հանդիպել', 'meet', 38, '2021-02-20 13:47:43', '2021-02-20 13:47:43'),
(189, 'ենթատեքստ', 'context', 38, '2021-02-20 13:48:07', '2021-02-20 13:48:07'),
(190, 'գրառում անել ինչ որ բան', 'keep a record of  sth', 38, '2021-02-20 13:49:16', '2021-02-20 13:49:16'),
(191, 'նշումներ կատարել , գրեք ինչ որ բան', 'make a note of sth', 38, '2021-02-20 13:50:22', '2021-02-20 13:50:22'),
(192, 'նշումներ կատարել , գրեք ինչ որ բան', 'make a note of sth', 38, '2021-02-20 13:50:23', '2021-02-20 13:50:23'),
(193, 'Նախադասություն', 'Sentence', 39, '2021-02-20 16:02:00', '2021-02-20 16:02:00'),
(194, 'Either,', 'Նույնպես ժխտական', 39, '2021-02-20 16:03:09', '2021-02-20 16:03:09'),
(195, 'Too', 'Նույնպես դրակա', 39, '2021-02-20 16:03:40', '2021-02-20 16:03:40'),
(196, 'Ձանձրալի', 'Boring', 39, '2021-02-20 16:04:58', '2021-02-20 16:04:58'),
(197, 'Գործարան', 'Factory', 39, '2021-02-20 16:05:30', '2021-02-20 16:05:30'),
(198, 'Բախտ,հաջողություն', 'Fortune', 39, '2021-02-20 16:06:16', '2021-02-20 16:06:16'),
(199, 'Խղճալ', 'Pitied', 39, '2021-02-20 16:07:13', '2021-02-20 16:07:13'),
(200, 'Սխալվել', 'Mistaken', 39, '2021-02-20 16:07:44', '2021-02-20 16:07:44'),
(201, 'Վիրավորել', 'Slight/ed', 39, '2021-02-20 16:08:17', '2021-02-20 16:08:17'),
(202, 'Թողնել', 'Forsook', 39, '2021-02-20 16:08:38', '2021-02-20 16:08:38'),
(203, 'Մտահոգված', 'Concerned', 39, '2021-02-20 16:09:05', '2021-02-20 16:09:05'),
(204, 'Ժամանել', 'Be along(arrive), The next bus should be along in the next quarter of an hour or so', 22, '2021-02-20 16:51:06', '2021-02-20 16:53:53'),
(205, 'Ընկճվել', 'Be down(be depressed), He\'s been down since his partner left him', 22, '2021-02-20 16:53:40', '2021-02-20 16:53:40'),
(206, 'Stupid person', 'Airhead', 22, '2021-02-20 16:57:45', '2021-02-20 16:57:45'),
(207, 'Ակնհայտ', 'Obvious, clear', 22, '2021-02-20 17:01:40', '2021-02-20 17:01:40'),
(208, 'Ամբողջ ընթացում', 'Throughout', 22, '2021-02-20 17:03:30', '2021-02-20 17:03:30'),
(209, 'Armenian', 'English', 40, '2021-02-20 17:14:58', '2021-02-20 17:14:58'),
(211, 'փախստական', 'fugitive', 41, '2021-02-20 18:22:06', '2021-02-20 18:22:06'),
(212, 'մեկին որևէ բանի համար պատասխանատու դարձնել', 'to put one in the', 41, '2021-02-20 18:24:04', '2021-02-20 18:24:04'),
(213, 'վուլգար, գռեհիկ', 'caddish', 41, '2021-02-20 18:24:43', '2021-02-20 18:24:43'),
(214, 'ուրանալ', 'to abjure', 41, '2021-02-20 18:25:32', '2021-02-20 18:25:32'),
(215, 'ամրակազմ', 'able-bodied', 41, '2021-02-20 18:25:54', '2021-02-20 18:25:54'),
(216, 'հետապնդում', 'haunt', 27, '2021-02-20 19:51:30', '2021-02-20 19:51:30'),
(217, 'միջնորդ', 'intermediary', 27, '2021-02-20 19:52:15', '2021-02-20 19:52:15'),
(218, 'կանչել', 'invoke', 27, '2021-02-20 19:52:29', '2021-02-20 19:52:29'),
(220, 'մտածել', 'contemplate', 27, '2021-02-20 19:52:51', '2021-02-20 19:52:51'),
(222, 'հակված լինել', 'to be inclied to', 27, '2021-02-20 19:53:20', '2021-02-20 19:53:20'),
(223, 'անվիճելի', 'indisputable', 27, '2021-02-20 19:53:36', '2021-02-20 19:53:36'),
(224, 'բնորոշ', 'inherent', 27, '2021-02-20 19:53:53', '2021-02-20 19:53:53'),
(226, 'գիտակցաբար', 'consiciously', 27, '2021-02-20 19:56:00', '2021-02-20 19:56:00'),
(228, 'միջամտել', 'intervene', 27, '2021-02-20 19:56:16', '2021-02-20 19:56:16'),
(229, 'նահանջել', 'recede', 27, '2021-02-20 19:56:34', '2021-02-20 19:56:34'),
(230, 'հետ բերել', 'retrieve', 27, '2021-02-20 19:56:53', '2021-02-20 19:56:53'),
(231, 'մասունք', 'relic', 27, '2021-02-20 19:57:14', '2021-02-20 19:57:14'),
(232, 'ճշգրիտ', 'accuracy', 27, '2021-02-20 19:57:30', '2021-02-20 19:57:30'),
(233, 'ձուլվել', 'asimulate', 27, '2021-02-20 19:57:47', '2021-02-20 19:57:47'),
(234, 'հետք', 'vestige', 27, '2021-02-20 19:58:04', '2021-02-20 19:58:04'),
(235, 'հարակից', 'adjacent', 27, '2021-02-20 19:58:24', '2021-02-20 19:58:24'),
(236, 'ամբողջությամբ', 'integrally', 27, '2021-02-20 19:58:40', '2021-02-20 19:58:40'),
(237, 'ճզմել', 'compress', 27, '2021-02-20 19:58:58', '2021-02-20 19:58:58'),
(238, 'իրագործելի', 'feasiby', 27, '2021-02-20 19:59:16', '2021-02-20 19:59:16'),
(239, 'աղիք', 'gut', 27, '2021-02-20 19:59:39', '2021-02-20 19:59:39'),
(240, 'Բարեհոգի', 'Generous', 43, '2021-02-20 20:46:45', '2021-02-20 20:46:45'),
(242, 'Արև', 'The sun', 48, '2021-02-21 10:03:59', '2021-02-21 10:03:59'),
(243, 'Քննարկել', 'To discuss', 48, '2021-02-21 10:04:34', '2021-02-21 10:04:34'),
(244, 'Ընդունել', 'To receive', 48, '2021-02-21 10:05:21', '2021-02-21 10:05:21'),
(245, 'Ժամկետ', 'Timeframe', 49, '2021-02-21 10:53:09', '2021-02-21 10:53:09'),
(248, 'Սկզբունք,օրենք', 'Principle', 49, '2021-02-21 10:53:44', '2021-02-21 10:53:44'),
(250, 'Սկզբունք,օրենք', 'Principle', 49, '2021-02-21 10:53:46', '2021-02-21 10:53:46'),
(253, 'Es em', 'I am', 50, '2021-02-21 12:46:27', '2021-02-21 12:46:27'),
(254, 'Du es', 'You are', 50, '2021-02-21 12:47:40', '2021-02-21 12:47:40'),
(255, 'Na e txa', 'Hi is', 50, '2021-02-21 12:48:35', '2021-02-21 12:48:35'),
(256, 'Na e txa', 'She is', 50, '2021-02-21 12:49:42', '2021-02-21 12:49:42'),
(257, 'Da e', 'It is', 50, '2021-02-21 12:51:13', '2021-02-21 12:51:13'),
(258, 'Menq enq', 'We are', 50, '2021-02-21 12:51:52', '2021-02-21 12:51:52'),
(259, 'Duq eq', 'You are', 50, '2021-02-21 12:52:35', '2021-02-21 12:52:35'),
(260, 'Nranq en', 'Ther are', 50, '2021-02-21 12:53:22', '2021-02-21 12:53:22'),
(264, 'շենք', 'building', 52, '2021-02-21 13:45:19', '2021-02-21 13:45:19'),
(266, 'հիվանդ', 'ill', 52, '2021-02-21 13:45:44', '2021-02-21 13:45:44'),
(267, 'ծարավ', 'thirsty', 52, '2021-02-21 13:46:06', '2021-02-21 13:46:06'),
(268, 'սոված', 'hungry', 52, '2021-02-21 13:46:27', '2021-02-21 13:46:27'),
(269, 'ջղայնացած', 'angry', 52, '2021-02-21 13:46:51', '2021-02-21 13:46:51'),
(270, 'տաք', 'warm', 52, '2021-02-21 13:47:04', '2021-02-21 13:47:04'),
(271, 'շուտ', 'early', 52, '2021-02-21 13:47:25', '2021-02-21 13:47:25'),
(272, 'վերարկու', 'coat', 52, '2021-02-21 13:47:46', '2021-02-21 13:47:46'),
(273, 'քամոտ', 'windy', 52, '2021-02-21 13:48:06', '2021-02-21 13:48:06'),
(274, 'դունչ', 'chin', 52, '2021-02-21 13:49:23', '2021-02-21 13:49:23'),
(275, 'վիզ', 'neck', 52, '2021-02-21 13:49:38', '2021-02-21 13:49:38'),
(276, 'ուս', 'shoulder', 52, '2021-02-21 13:50:08', '2021-02-21 13:50:23'),
(277, 'թև', 'arm', 52, '2021-02-21 13:50:41', '2021-02-21 13:50:41'),
(278, 'ուսից մինչև արմունկ հատվածը', 'upper arm', 52, '2021-02-21 13:51:39', '2021-02-21 13:51:39'),
(279, 'արմունկ', 'elbow', 52, '2021-02-21 13:52:05', '2021-02-21 13:52:05'),
(280, 'արմունկից մինչև ձեռք', 'forearm', 52, '2021-02-21 13:52:45', '2021-02-21 13:52:45'),
(281, 'թևատակ', 'armpit', 52, '2021-02-21 13:53:11', '2021-02-21 13:53:11'),
(282, 'մեջք', 'back', 52, '2021-02-21 13:53:26', '2021-02-21 13:53:26'),
(283, 'կրծքավանդակ', 'chest', 52, '2021-02-21 13:53:52', '2021-02-21 13:53:52'),
(284, 'գոտկատեղ', 'waist', 52, '2021-02-21 13:54:20', '2021-02-21 13:54:20'),
(285, 'վզնոց', 'necklace', 52, '2021-02-21 13:55:15', '2021-02-21 13:55:15'),
(286, 'փոր', 'abdomen', 52, '2021-02-21 13:56:09', '2021-02-21 13:56:09'),
(287, 'փոր', 'abdomen', 52, '2021-02-21 13:56:19', '2021-02-21 13:56:19'),
(288, 'փոր', 'abdomen', 52, '2021-02-21 13:56:28', '2021-02-21 13:56:28'),
(289, 'նստատեղ', 'buttocks', 52, '2021-02-21 13:56:59', '2021-02-21 13:56:59'),
(290, 'կոնք', 'hip', 52, '2021-02-21 13:57:11', '2021-02-21 13:57:11'),
(291, 'ոտք', 'leg', 52, '2021-02-21 13:57:26', '2021-02-21 13:57:26'),
(292, 'ազդր', 'thigh', 52, '2021-02-21 13:58:08', '2021-02-21 13:58:08'),
(293, 'ծունկ', 'knee', 52, '2021-02-21 13:58:43', '2021-02-21 13:58:43'),
(294, 'սրունք', 'calf', 52, '2021-02-21 13:58:57', '2021-02-21 13:58:57'),
(295, 'ձյաձա', 'uncle', 52, '2021-02-21 13:59:30', '2021-02-21 13:59:30'),
(296, 'մորքուր,հորքուր,․․․․', 'aunt', 52, '2021-02-21 14:00:08', '2021-02-21 14:00:08'),
(297, 'դվայորնի եղբայր,քույր', 'cousin', 52, '2021-02-21 14:00:56', '2021-02-21 14:00:56'),
(298, 'զարմիկ', 'nephew', 52, '2021-02-21 14:01:28', '2021-02-21 14:01:28'),
(299, 'զարմուհի', 'niece', 52, '2021-02-21 14:01:50', '2021-02-21 14:01:50'),
(300, 'դուստր', 'daughter', 52, '2021-02-21 14:03:14', '2021-02-21 14:03:14'),
(301, 'որդի', 'son', 52, '2021-02-21 14:03:54', '2021-02-21 14:03:54'),
(302, 'Երկար', 'Long', 53, '2021-02-21 14:09:11', '2021-02-21 14:09:11'),
(303, 'Բոլորը', 'All', 53, '2021-02-21 14:09:34', '2021-02-21 14:09:34'),
(305, 'Մասին', 'Abaout', 53, '2021-02-21 14:09:57', '2021-02-21 14:09:57'),
(307, 'Քաշ', 'Weigh', 54, '2021-02-21 20:29:49', '2021-02-21 20:29:49'),
(309, 'Բնազդ', 'Instinct', 54, '2021-02-21 20:31:17', '2021-02-21 20:31:17'),
(310, 'Գոմեշ', 'Buffalo', 54, '2021-02-21 20:31:51', '2021-02-21 20:31:51'),
(311, 'Ճաշակ', 'Taste', 54, '2021-02-21 20:32:49', '2021-02-21 20:32:49'),
(312, 'Ճաշակ', 'Taste', 54, '2021-02-21 20:32:50', '2021-02-21 20:32:50'),
(313, 'Բացահայտել', 'Discover', 54, '2021-02-21 20:33:25', '2021-02-21 20:33:25'),
(314, 'Զարգացում', 'Development', 54, '2021-02-21 20:33:54', '2021-02-21 20:33:54'),
(315, 'Բնավորություն', 'Character', 54, '2021-02-21 20:34:11', '2021-02-21 20:34:11'),
(316, 'Բախտավոր', 'Lucky', 54, '2021-02-21 20:34:30', '2021-02-21 20:34:30'),
(317, 'Դեռահաս', 'Teenager', 54, '2021-02-21 20:35:06', '2021-02-21 20:35:06'),
(318, 'Բազմազան', 'Various', 54, '2021-02-21 20:35:28', '2021-02-21 20:35:28'),
(319, 'Ներառել', 'Includes', 54, '2021-02-21 20:36:21', '2021-02-21 20:36:21'),
(320, 'Ձեռագործ', 'Handicraft', 54, '2021-02-21 20:36:48', '2021-02-21 20:36:48'),
(321, 'Կոճակ', 'Button', 54, '2021-02-21 20:38:32', '2021-02-21 20:38:32'),
(322, 'Ցնցող', 'stunning', 56, '2021-02-21 23:03:09', '2021-02-21 23:03:09'),
(323, 'Հաստստել', 'confirm', 56, '2021-02-21 23:04:18', '2021-02-21 23:04:18'),
(324, 'To train', 'Գնացք', 57, '2021-02-21 23:23:11', '2021-02-21 23:23:11'),
(325, 'To train', 'Գնացք', 57, '2021-02-21 23:23:13', '2021-02-21 23:23:13'),
(326, 'To spend', 'Ժամանակ անցկացնել', 57, '2021-02-21 23:23:28', '2021-02-21 23:23:28'),
(327, 'Poverty', 'Աղքատություն', 57, '2021-02-21 23:25:44', '2021-02-21 23:25:44'),
(328, 'Success', 'Հաջողություն', 57, '2021-02-21 23:26:13', '2021-02-21 23:26:13'),
(329, 'Hurdle', 'Արգելք', 57, '2021-02-21 23:27:01', '2021-02-21 23:27:01'),
(330, 'Aftermath', 'Հետևանքներ', 57, '2021-02-21 23:28:02', '2021-02-21 23:28:02'),
(331, 'Օգնություն', 'Aib', 57, '2021-02-21 23:28:41', '2021-02-21 23:28:41'),
(332, 'Օգնություն', 'Aib', 57, '2021-02-21 23:28:43', '2021-02-21 23:28:43'),
(333, 'Ատամ', 'Tooth', 57, '2021-02-21 23:30:54', '2021-02-21 23:30:54'),
(334, 'Ատամ', 'Tooth', 57, '2021-02-21 23:30:56', '2021-02-21 23:30:56'),
(335, 'Ստամոքս', 'Stomach', 57, '2021-02-21 23:31:19', '2021-02-21 23:31:19'),
(336, 'Ստամոքս', 'Stomach', 57, '2021-02-21 23:31:20', '2021-02-21 23:31:20'),
(337, 'Ստամոքս', 'Stomach', 57, '2021-02-21 23:31:21', '2021-02-21 23:31:21'),
(338, 'Կմախք', 'Skeleton', 57, '2021-02-21 23:31:49', '2021-02-21 23:31:49'),
(339, 'Կոնք', 'Waist', 57, '2021-02-21 23:32:15', '2021-02-21 23:32:15'),
(340, 'Կոնք', 'Waist', 57, '2021-02-21 23:32:16', '2021-02-21 23:32:16'),
(341, 'Անձրև', 'Rain', 57, '2021-02-21 23:32:50', '2021-02-21 23:32:50'),
(342, 'Պարանոց', 'Neck', 57, '2021-02-21 23:33:17', '2021-02-21 23:33:26'),
(343, 'Դաստակ', 'Wrist', 57, '2021-02-21 23:34:00', '2021-02-21 23:34:00'),
(344, 'Վաճառել', 'Sell', 57, '2021-02-21 23:34:37', '2021-02-21 23:34:37'),
(345, 'Տեղափոխել', 'Move', 57, '2021-02-21 23:40:13', '2021-02-21 23:40:13'),
(346, 'Անհրաժեշտ', 'Need', 57, '2021-02-21 23:41:02', '2021-02-21 23:41:02'),
(347, 'Անհրաժեշտ', 'Need', 57, '2021-02-21 23:41:04', '2021-02-21 23:41:04'),
(348, 'Կորցնել', 'Lose', 57, '2021-02-21 23:42:25', '2021-02-21 23:42:25'),
(349, 'Ցավեցնել', 'Hurt', 57, '2021-02-21 23:44:24', '2021-02-21 23:44:24'),
(350, 'Պատահել', 'Happen', 57, '2021-02-21 23:45:28', '2021-02-21 23:45:28'),
(351, 'Լսել', 'Hear', 57, '2021-02-21 23:46:21', '2021-02-21 23:46:21'),
(352, 'Լսել', 'Hear', 57, '2021-02-21 23:46:23', '2021-02-21 23:46:23'),
(353, 'Ամառ', 'Autumn', 57, '2021-02-21 23:48:10', '2021-02-21 23:48:10'),
(354, 'Երեկ', 'Yesterday', 57, '2021-02-21 23:49:01', '2021-02-21 23:49:01'),
(355, 'Փակել', 'Shut', 57, '2021-02-22 00:03:37', '2021-02-22 00:03:37'),
(356, 'Հաջողակ', 'Succed', 57, '2021-02-22 00:03:59', '2021-02-22 00:03:59'),
(357, 'Թուշ', 'Cheek', 57, '2021-02-22 00:04:31', '2021-02-22 00:04:31'),
(358, 'Գարուն', 'Spring', 57, '2021-02-22 00:05:51', '2021-02-22 00:05:51'),
(359, '30', 'Thirty', 57, '2021-02-22 00:06:16', '2021-02-22 00:06:16'),
(360, '13', 'Thirteen', 57, '2021-02-22 00:08:08', '2021-02-22 00:08:08'),
(361, 'Նկարել', 'Draw', 57, '2021-02-22 00:17:29', '2021-02-22 00:17:29'),
(362, 'Նկարել', 'Draw', 57, '2021-02-22 00:17:30', '2021-02-22 00:17:30'),
(363, 'Հազ', 'Cough', 57, '2021-02-22 00:18:07', '2021-02-22 00:18:07'),
(364, 'Ժամանել', 'Arrive', 57, '2021-02-22 00:19:02', '2021-02-22 00:19:02'),
(365, 'Հավատալ', 'Belive', 57, '2021-02-22 00:20:24', '2021-02-22 00:20:24'),
(366, 'Կոտրել', 'Break', 57, '2021-02-22 00:21:34', '2021-02-22 00:21:34'),
(367, 'Խոստովանել', 'Admite', 57, '2021-02-22 00:24:10', '2021-02-22 00:24:10'),
(368, 'Կրել', 'Carry', 57, '2021-02-22 00:25:01', '2021-02-22 00:25:01'),
(369, 'Կրել', 'Carry', 57, '2021-02-22 00:25:02', '2021-02-22 00:25:02'),
(370, 'Կարող է', 'Can', 57, '2021-02-22 00:26:19', '2021-02-22 00:26:19'),
(371, 'Բռնել', 'Grip', 57, '2021-02-22 00:27:15', '2021-02-22 00:27:15'),
(372, 'տեղեկանք', 'reference', 1, '2021-02-22 06:22:57', '2021-02-22 06:22:57'),
(373, 'դաստակ', 'wrist', 52, '2021-02-22 08:17:23', '2021-02-22 08:17:23'),
(374, 'ձեռքի 5 ոսկորներ', 'Knuckle', 52, '2021-02-22 08:20:37', '2021-02-22 08:20:37'),
(375, 'ձեռքի մատի եղունգ', 'fingernail', 52, '2021-02-22 08:26:27', '2021-02-22 08:26:27'),
(376, 'ձեռքի բութ մատ', 'thumb', 52, '2021-02-22 08:27:27', '2021-02-22 08:27:27'),
(377, 'ցուցամատ', 'index finger', 52, '2021-02-22 08:28:39', '2021-02-22 08:28:39'),
(378, 'միջնամատ', 'middle finger', 52, '2021-02-22 08:29:20', '2021-02-22 08:29:20'),
(379, 'մատնեմատ', 'ring finger', 52, '2021-02-22 08:31:02', '2021-02-22 08:31:02'),
(380, 'ճկույտ', 'little finger', 52, '2021-02-22 08:31:34', '2021-02-22 08:31:34'),
(381, 'ձեռքի ափ', 'palm', 52, '2021-02-22 08:34:14', '2021-02-22 08:34:14'),
(382, 'գլուխ', 'head', 52, '2021-02-22 08:34:47', '2021-02-22 08:34:47'),
(383, 'մազեր', 'hair', 52, '2021-02-22 08:35:18', '2021-02-22 08:35:18'),
(384, 'բախտի գիծ', 'part', 52, '2021-02-22 08:35:45', '2021-02-22 08:35:45'),
(385, 'ճակատ', 'forhead', 52, '2021-02-22 08:36:08', '2021-02-22 08:36:08'),
(386, 'ճակատ', 'forhead', 52, '2021-02-22 08:36:43', '2021-02-22 08:36:43'),
(387, 'բակ', 'sideburn', 52, '2021-02-22 08:37:09', '2021-02-22 08:37:09'),
(388, 'ականջ', 'ear', 52, '2021-02-22 08:37:44', '2021-02-22 08:37:44'),
(389, 'այտ', 'cheek', 52, '2021-02-22 08:38:11', '2021-02-22 08:38:11'),
(390, 'քիթ', 'nose', 52, '2021-02-22 08:42:03', '2021-02-22 08:42:03'),
(391, 'Armenia', 'English', 60, '2021-02-22 08:42:18', '2021-02-22 08:42:18'),
(392, 'քթի ծակ', 'nosetrill', 52, '2021-02-22 08:42:39', '2021-02-22 08:42:39'),
(396, 'Ճանփորդել', 'Travel', 58, '2021-02-22 09:02:18', '2021-02-22 09:02:18'),
(397, 'Հրաժարվել', 'Refuse', 58, '2021-02-22 09:03:16', '2021-02-22 09:03:16'),
(398, 'Պատժել', 'Punish', 58, '2021-02-22 09:03:47', '2021-02-22 09:03:47'),
(399, 'Վազել', 'Run', 58, '2021-02-22 09:04:21', '2021-02-22 09:04:21'),
(400, 'Քարկոծել', 'Stone', 58, '2021-02-22 09:04:54', '2021-02-22 09:04:54'),
(401, 'ծնոտ', 'jaw', 52, '2021-02-22 09:59:31', '2021-02-22 09:59:31'),
(402, 'թրաշ', 'beard', 52, '2021-02-22 10:00:09', '2021-02-22 10:00:09'),
(403, 'բեղեր', 'mustache', 52, '2021-02-22 10:00:35', '2021-02-22 10:00:35'),
(404, 'լեզու', 'tongue', 52, '2021-02-22 10:01:00', '2021-02-22 10:01:00'),
(405, 'ատամ', 'tooth', 52, '2021-02-22 10:01:24', '2021-02-22 10:01:24'),
(406, 'շուրթ', 'lip', 52, '2021-02-22 10:01:54', '2021-02-22 10:01:54'),
(407, 'լինդ', 'gum', 52, '2021-02-22 10:02:48', '2021-02-22 10:02:48'),
(408, 'Իմը', 'Mine', 64, '2021-02-22 11:42:44', '2021-02-22 11:42:44'),
(409, 'Գողանալ', 'Stole', 64, '2021-02-22 11:43:06', '2021-02-22 11:43:06'),
(410, 'Ցանկանալ', 'Would', 64, '2021-02-22 11:43:25', '2021-02-22 11:43:25'),
(411, 'Չնայած նրան(որ)', 'Altough', 64, '2021-02-22 11:44:11', '2021-02-22 11:44:11'),
(412, 'Հարթ', 'Queue', 64, '2021-02-22 11:44:54', '2021-02-22 11:44:54'),
(413, 'Խոհանոց', 'Cuisine', 64, '2021-02-22 11:45:13', '2021-02-22 11:45:13'),
(414, 'Տեսակ', 'Species(սպիշիս)', 64, '2021-02-22 11:45:42', '2021-02-22 11:46:16'),
(415, 'Համեմունք', 'Spices(սպայսես)', 64, '2021-02-22 11:46:45', '2021-02-22 11:46:45'),
(416, 'Հանգիստ,լուռ', 'Quiet(քուայեթ)', 64, '2021-02-22 11:47:40', '2021-02-22 11:47:40'),
(417, 'Բավականին', 'Quite(քուայթ)', 64, '2021-02-22 11:48:14', '2021-02-22 11:48:14'),
(418, 'Թողնել', 'Quit(քուիյթ)', 64, '2021-02-22 11:48:37', '2021-02-22 11:48:37'),
(419, 'Հրաշալի', 'Terrific(թերիֆքթ)', 64, '2021-02-22 11:49:08', '2021-02-22 11:49:08'),
(420, 'Սարսափելի', 'Terrible(թերիբլ)', 64, '2021-02-22 11:49:26', '2021-02-22 11:49:26'),
(421, 'Ամենօրյա գործ', 'Chore(չո)', 64, '2021-02-22 11:49:48', '2021-02-22 11:49:48'),
(422, 'Երգչախումբ', 'Choir(քուայը)', 64, '2021-02-22 11:50:06', '2021-02-22 11:50:06'),
(423, 'Կտրոն', 'Recipt(ռիսիփթ)', 64, '2021-02-22 11:50:33', '2021-02-22 11:50:33'),
(424, 'Բաղադրատոմս', 'Recipe(ռասըփիթ)', 64, '2021-02-22 11:51:01', '2021-02-22 11:51:01'),
(425, 'Գիտակցություն', 'Consciousnes(քոնշզնս)', 64, '2021-02-22 11:51:43', '2021-02-22 11:51:43'),
(426, 'Անհանգիստ', 'Anxious(էնքշիզ)', 64, '2021-02-22 11:53:05', '2021-02-22 11:53:05'),
(427, 'Տագնապ', 'Anxiety(էնքզայթի)', 64, '2021-02-22 11:53:49', '2021-02-22 11:53:49'),
(428, 'Անապատ', 'Desert( դազրթ)', 64, '2021-02-22 11:54:10', '2021-02-22 11:54:10'),
(429, 'Դեսերտ', 'Dessert(դըզրթ)', 64, '2021-02-22 11:54:35', '2021-02-22 11:54:35'),
(430, 'Բացի', 'Besides(բիսայդս)', 64, '2021-02-22 11:55:10', '2021-02-22 11:55:10'),
(431, 'Կողքին', 'Beside(բիսայդ)', 64, '2021-02-22 11:58:40', '2021-02-22 11:58:40'),
(432, 'վրան', 'tent', 66, '2021-02-22 14:51:35', '2021-02-22 14:51:35'),
(433, 'վրան', 'tent', 67, '2021-02-22 15:18:12', '2021-02-22 15:18:12'),
(435, 'Ստացվու՞մ է ։', 'Does it work ?', 67, '2021-02-22 15:35:07', '2021-02-22 15:35:07'),
(436, 'Կենտրոնացիր,խնդրում եմ։', 'Concentrate, please', 67, '2021-02-22 15:36:09', '2021-02-22 15:36:09'),
(438, 'այլ պարագայում ․․․', 'otherwise ․․․', 67, '2021-02-22 15:36:46', '2021-02-22 15:36:46'),
(439, 'անհասանելի', 'unreachable', 67, '2021-02-22 15:38:25', '2021-02-22 15:38:25'),
(441, 'Նախաձեռնություն', 'initiative', 68, '2021-02-22 15:53:17', '2021-02-22 15:53:17'),
(442, 'Շահույթ', 'Profit', 68, '2021-02-22 15:53:40', '2021-02-22 15:53:40'),
(443, 'Հայտարարել', 'announce', 68, '2021-02-22 15:54:47', '2021-02-22 15:54:47'),
(444, 'Հրաշալիք', 'Wonder', 68, '2021-02-22 15:59:22', '2021-02-22 15:59:22'),
(445, 'Կոչել', 'To call', 68, '2021-02-22 16:00:10', '2021-02-22 16:00:10'),
(446, 'Լուծել', 'Solve', 68, '2021-02-22 16:00:30', '2021-02-22 16:00:30'),
(447, 'Պատվավոր', 'Honorary', 68, '2021-02-22 16:00:47', '2021-02-22 16:00:47'),
(448, 'Թեկնածու', 'Candidate', 68, '2021-02-22 16:01:05', '2021-02-22 16:01:05'),
(449, 'ցավոտ տեղին կպնել', 'hit a row nerve', 49, '2021-02-23 10:27:53', '2021-02-23 10:27:53'),
(450, 'ցավոտ տեղին կպնել', 'hit a row nerve', 49, '2021-02-23 10:27:54', '2021-02-23 10:27:54'),
(452, 'սրտակեր', 'heart-throb', 49, '2021-02-23 10:28:32', '2021-02-23 10:28:32'),
(453, 'սրտակեր', 'heart-throb', 49, '2021-02-23 10:28:34', '2021-02-23 10:28:34'),
(454, 'Մանկական սեր', 'Puppy love', 49, '2021-02-23 10:29:01', '2021-02-23 10:29:01'),
(455, 'Մանկական սեր', 'Puppy love', 49, '2021-02-23 10:29:03', '2021-02-23 10:29:03'),
(456, 'Բացահայտել', 'Reveal', 73, '2021-02-23 13:08:29', '2021-02-23 13:08:29'),
(457, 'Մոտենալ', 'Approach', 73, '2021-02-23 13:09:17', '2021-02-23 13:09:17'),
(458, 'Գաղափար', 'Notion', 73, '2021-02-23 13:09:55', '2021-02-23 13:09:55'),
(459, 'Գնահատել', 'Assess', 73, '2021-02-23 13:10:27', '2021-02-23 13:10:27'),
(460, 'Միտումնավոր', 'Purposely', 73, '2021-02-23 13:11:00', '2021-02-23 13:11:00'),
(463, 'Պատահմամբ', 'Accidentally', 73, '2021-02-23 13:13:29', '2021-02-23 13:13:29'),
(464, 'Ուշադիր նայել', 'Stare, gaze at', 73, '2021-02-23 13:14:01', '2021-02-23 13:14:01'),
(465, 'Տուգանել', 'Fine', 73, '2021-02-23 13:14:19', '2021-02-23 13:14:19'),
(466, 'Գրկել', 'Embrace', 73, '2021-02-23 13:15:57', '2021-02-24 08:35:16'),
(467, 'Ամոթալի', 'Embarrassing', 73, '2021-02-23 13:15:58', '2021-02-24 08:36:41'),
(468, 'Աշխատանքի ծախսեր', 'Commute', 73, '2021-02-23 13:17:46', '2021-02-23 13:17:46'),
(469, 'Կրճատել', 'Reduce', 73, '2021-02-23 13:18:46', '2021-02-23 13:18:46'),
(470, 'Դաշտ', 'Field', 75, '2021-02-23 15:17:44', '2021-02-23 15:17:44'),
(471, 'Արև', 'Sun', 75, '2021-02-23 15:17:59', '2021-02-23 15:17:59'),
(472, 'ամրոց', 'Castle', 76, '2021-02-23 18:35:48', '2021-02-23 18:35:48'),
(473, 'սարսափած', 'Terrified', 76, '2021-02-23 18:37:01', '2021-02-23 18:37:01'),
(475, 'Ուզել', 'Want', 77, '2021-02-23 20:25:11', '2021-02-23 20:25:11'),
(476, 'Խիզախ', 'Brave', 78, '2021-02-23 20:56:02', '2021-02-23 20:56:02'),
(477, 'Հանգիստ', 'Calm', 78, '2021-02-23 20:56:23', '2021-02-23 20:56:23'),
(478, 'Մանր', 'Tiny', 78, '2021-02-23 20:57:24', '2021-02-23 20:57:24'),
(480, 'Գեր', 'Pumple', 78, '2021-02-23 20:57:47', '2021-02-23 20:57:47'),
(481, 'Նախադասություն', 'Sentence', 78, '2021-02-23 20:58:52', '2021-02-23 20:58:52'),
(482, 'վերահսկվում', 'supervised', 1, '2021-02-24 10:31:10', '2021-02-24 10:31:10'),
(483, 'դասակարգում', 'classification', 1, '2021-02-24 10:38:18', '2021-02-24 10:38:18'),
(484, 'հետընթաց', 'regression', 1, '2021-02-24 10:38:30', '2021-02-24 10:38:30'),
(485, 'Կարծիք', 'Opinion', 81, '2021-02-24 11:43:06', '2021-02-24 11:43:06'),
(486, 'Կարծիք', 'Opinion', 81, '2021-02-24 11:43:07', '2021-02-24 11:43:07'),
(487, 'Իհարկե', 'Sure thing', 81, '2021-02-24 11:53:33', '2021-02-24 11:53:33'),
(488, 'Հեչ', 'Nevermind', 81, '2021-02-24 11:54:16', '2021-02-24 11:54:16'),
(489, 'Երես', 'face', 82, '2021-02-24 12:00:51', '2021-02-24 12:00:51'),
(490, 'Երես', 'face', 82, '2021-02-24 12:00:51', '2021-02-24 12:00:51'),
(491, 'Երես', 'face', 82, '2021-02-24 12:00:53', '2021-02-24 12:00:53'),
(492, 'Քեզ զգա ձեր տանը', 'Make yourself at home', 81, '2021-02-24 12:15:59', '2021-02-24 12:15:59'),
(493, 'Առիթից օգտվել', 'Take advantage', 81, '2021-02-24 12:16:51', '2021-02-24 12:16:51'),
(494, 'Բացի այդ', 'Whats more', 81, '2021-02-24 12:33:38', '2021-02-24 12:33:38'),
(495, 'Նա', 'Она', 81, '2021-02-24 12:36:42', '2021-02-24 12:36:42'),
(496, 'Նա', 'Она', 81, '2021-02-24 12:36:43', '2021-02-24 12:36:43'),
(498, 'Gnahatel', 'Assess', 86, '2021-02-24 17:00:15', '2021-02-24 17:00:15'),
(499, 'Armenian', 'English', 87, '2021-02-24 17:00:35', '2021-02-24 17:00:35'),
(500, 'English', 'Armenian', 87, '2021-02-24 17:01:03', '2021-02-24 17:01:03'),
(503, 'Գիժ', 'Crazy', 88, '2021-02-24 17:01:39', '2021-02-24 17:01:39'),
(504, 'Բոլորը', 'All', 88, '2021-02-24 17:01:56', '2021-02-24 17:01:56'),
(505, 'Նույնպես', 'Also', 88, '2021-02-24 17:02:09', '2021-02-24 17:05:15'),
(506, 'Ինչպես', 'As', 88, '2021-02-24 17:02:21', '2021-02-24 17:02:21'),
(507, 'Կողմից', 'By', 88, '2021-02-24 17:02:36', '2021-02-24 17:02:36'),
(508, 'Կարող է', 'Can', 88, '2021-02-24 17:02:51', '2021-02-24 17:02:51'),
(509, 'Արի', 'Come', 88, '2021-02-24 17:03:04', '2021-02-24 17:03:04'),
(510, 'Կարող էր', 'Cauld', 88, '2021-02-24 17:03:24', '2021-02-24 17:03:24'),
(511, 'Անել', 'Do', 88, '2021-02-24 17:03:39', '2021-02-24 17:03:39'),
(512, 'Նույնիսկ', 'Even', 88, '2021-02-24 17:04:03', '2021-02-24 17:04:03'),
(513, 'Գտնել', 'Find', 88, '2021-02-24 17:04:13', '2021-02-24 17:04:13'),
(514, 'Առաջին', 'First', 88, '2021-02-24 17:04:39', '2021-02-24 17:04:39'),
(515, 'Համար', 'For', 88, '2021-02-24 17:04:48', '2021-02-24 17:04:48'),
(516, 'Սկսած', 'From', 88, '2021-02-24 17:05:01', '2021-02-24 17:05:01'),
(517, 'Ամուսնալուծության', 'Divonce', 87, '2021-02-24 17:05:06', '2021-02-24 17:05:06'),
(518, 'Օրինական', 'Paralegal', 87, '2021-02-24 17:06:05', '2021-02-24 17:06:05'),
(520, 'Միայնակ', 'Solitary', 87, '2021-02-24 17:06:42', '2021-02-24 17:06:42'),
(522, 'Խուսափողական', 'Evasive', 90, '2021-02-24 17:40:34', '2021-02-24 17:40:34'),
(523, 'Մոտավորապես', 'Roughly', 90, '2021-02-24 17:40:53', '2021-02-24 17:40:53'),
(524, 'Դաշինք', 'Bloc', 90, '2021-02-24 17:41:04', '2021-02-24 17:41:04'),
(525, 'Աջակցել', 'To align', 90, '2021-02-24 17:41:16', '2021-02-24 17:41:16'),
(526, 'Ոլորտ', 'Sphere', 90, '2021-02-24 17:41:28', '2021-02-24 17:41:28'),
(529, 'Ուշադրություն', 'Caution', 93, '2021-02-24 18:10:39', '2021-02-24 18:10:39'),
(530, 'Armenian', 'English', 94, '2021-02-24 18:16:50', '2021-02-24 18:16:50'),
(531, 'English', 'Armenian', 94, '2021-02-24 18:17:05', '2021-02-24 18:17:05'),
(534, 'մազ', 'Hair', 96, '2021-02-24 18:48:58', '2021-02-24 18:48:58'),
(535, 'Աստղ', 'Star', 98, '2021-02-24 19:06:01', '2021-02-24 19:06:01'),
(536, 'Աստղ', 'Star', 98, '2021-02-24 19:06:02', '2021-02-24 19:06:02'),
(537, 'Վճար', 'Fee', 95, '2021-02-24 19:14:37', '2021-02-24 19:14:37'),
(539, 'Take up', 'Վերցնել', 95, '2021-02-24 19:15:22', '2021-02-24 19:15:22'),
(540, 'Մենք նստում ենք այնտեղ', 'We set over there', 95, '2021-02-24 19:16:13', '2021-02-24 19:16:13'),
(541, 'Տեխնիկա', 'Equipment', 95, '2021-02-24 19:17:32', '2021-02-24 19:17:32'),
(542, 'Փոխարեն', 'Instead', 95, '2021-02-24 19:20:02', '2021-02-24 19:20:02'),
(544, 'հարկադրել', 'compel', 99, '2021-02-24 19:22:59', '2021-02-24 19:22:59'),
(545, 'անշնորք', 'awkward', 99, '2021-02-24 19:23:17', '2021-02-24 19:23:17'),
(546, 'venture', 'համարձակվել', 99, '2021-02-24 19:23:32', '2021-02-24 19:23:32'),
(547, 'հագեցնել', 'quench', 99, '2021-02-24 19:23:52', '2021-02-24 19:23:52'),
(548, 'Էլի մենք ենք', 'here we go again', 95, '2021-02-24 19:23:59', '2021-02-24 19:23:59'),
(549, 'դավաճանել', 'betray', 99, '2021-02-24 19:24:16', '2021-02-24 19:24:16'),
(550, 'արտաբերել', 'utter', 99, '2021-02-24 19:24:31', '2021-02-24 19:24:31'),
(551, 'պատասխանել', 'respond', 99, '2021-02-24 19:24:59', '2021-02-24 19:24:59'),
(552, 'գլխով անել', 'beckon', 99, '2021-02-24 19:25:16', '2021-02-24 19:25:16'),
(553, 'խաղաղեցնել', 'pacify', 99, '2021-02-24 19:25:35', '2021-02-24 19:25:35'),
(554, 'Խորացնել', 'aggravate', 95, '2021-02-24 19:26:11', '2021-02-24 19:26:11'),
(555, 'Գոյություն ոգնենալ', 'Exist', 95, '2021-02-24 19:27:28', '2021-02-24 19:27:28'),
(556, 'մտադրություն', 'intention', 95, '2021-02-24 19:28:17', '2021-02-24 19:28:17'),
(557, 'գլխիվայր', 'upside', 95, '2021-02-24 19:29:51', '2021-02-24 19:29:51'),
(558, 'надрал тебе задницу', 'kicked your ass', 95, '2021-02-24 19:32:29', '2021-02-24 19:32:29'),
(561, 'օրվա ընթացքում(during the day)', 'daytime', 100, '2021-02-24 19:40:17', '2021-02-24 19:40:17'),
(562, 'towards the end of a period time', 'late', 100, '2021-02-24 19:43:22', '2021-02-24 19:43:22'),
(563, 'with clouds of small drops of water in the air', 'misty', 100, '2021-02-24 19:43:48', '2021-02-24 19:43:48'),
(564, 'slightly wet, and not pleasant or comfortable', 'damp', 100, '2021-02-24 19:44:37', '2021-02-24 19:44:37'),
(565, 'thin, white layer of ice on surfaces when weather is very cold', 'frost', 100, '2021-02-24 19:45:09', '2021-02-24 19:45:09'),
(566, 'extremely bad', 'severe', 100, '2021-02-24 19:45:27', '2021-02-24 19:45:27'),
(567, 'change from hard, frozen state to softer state', 'thaw', 100, '2021-02-24 19:45:56', '2021-02-24 19:45:56'),
(568, 'change from solid to liquid under heat', 'melt', 100, '2021-02-24 19:46:15', '2021-02-24 19:46:15'),
(569, 'very hot, as in countries near the Equator', 'tropical', 100, '2021-02-24 19:46:36', '2021-02-24 19:46:36'),
(570, 'hot, uncomfortable, you can hardly breathe', 'stifling', 100, '2021-02-24 19:47:05', '2021-02-24 19:47:05'),
(571, 'very, warm and a little damp', 'muggy', 100, '2021-02-24 19:47:27', '2021-02-24 19:47:27'),
(572, 'hot and damp, makes you sweet a lot', 'humid', 100, '2021-02-24 19:47:48', '2021-02-24 19:47:48'),
(573, 'extremly hot', 'boiling', 100, '2021-02-24 19:48:06', '2021-02-24 19:48:06'),
(574, 'very hot, dry periods', 'heatwaves', 100, '2021-02-24 19:48:21', '2021-02-24 19:48:21'),
(575, 'short period of rain', 'shower', 100, '2021-02-24 19:49:02', '2021-02-24 19:49:02'),
(576, 'very cloudy', 'overcast', 100, '2021-02-24 19:49:26', '2021-02-24 19:49:26'),
(577, 'Armenian', 'ArmenianEn', 103, '2021-02-24 19:58:24', '2021-02-24 19:58:24'),
(578, 'Armenian', 'ArmenianEn', 103, '2021-02-24 19:58:25', '2021-02-24 19:58:25'),
(579, 'Armenian', 'ArmenianEn', 103, '2021-02-24 19:58:25', '2021-02-24 19:58:25'),
(580, 'Armenian', 'ArmenianEn', 103, '2021-02-24 19:58:25', '2021-02-24 19:58:25'),
(581, 'Armenian', 'ArmenianEn', 103, '2021-02-24 19:58:26', '2021-02-24 19:58:26'),
(582, 'Armenian', 'ArmenianEn', 103, '2021-02-24 19:58:26', '2021-02-24 19:58:26'),
(583, 'Armenian', 'ArmenianEn', 103, '2021-02-24 19:58:26', '2021-02-24 19:58:26'),
(585, 'barev', 'hello', 103, '2021-02-24 19:59:20', '2021-02-24 19:59:20'),
(586, 'Հացաբուլկեղեն', 'Bakery', 104, '2021-02-24 20:14:00', '2021-02-24 20:14:00'),
(587, 'Դեղատուն', 'Drugstore', 104, '2021-02-24 20:14:52', '2021-02-24 20:14:52'),
(588, 'Դեղատուն', 'Pharmacy', 104, '2021-02-24 20:15:21', '2021-02-24 20:15:21'),
(589, 'Լողավազան', 'Pool', 104, '2021-02-24 20:16:02', '2021-02-24 20:16:10'),
(590, 'Կայարան', 'Train station', 104, '2021-02-24 20:17:44', '2021-02-24 20:17:44'),
(591, 'Աստղազարդ', 'Starry', 105, '2021-02-24 20:29:38', '2021-02-24 20:29:38'),
(592, 'Ավազ', 'Sand', 105, '2021-02-24 20:29:53', '2021-02-24 20:29:53'),
(593, 'Հեռանկար', 'Perspective', 105, '2021-02-24 20:30:37', '2021-02-24 20:30:37'),
(594, 'հայտնի', 'popular', 108, '2021-02-24 21:22:20', '2021-02-24 21:22:20'),
(596, 'Հաց', 'Bread', 109, '2021-02-24 22:07:49', '2021-02-24 22:07:49'),
(597, 'նվազել', 'diminish', 110, '2021-02-24 22:14:04', '2021-02-24 22:14:04'),
(598, 'Շողշողալ', 'flightering', 110, '2021-02-24 22:14:41', '2021-02-24 22:14:41'),
(601, 'անցնել', 'pass', 116, '2021-02-25 04:28:26', '2021-02-25 04:28:26'),
(602, 'շրջանցել', 'pass by', 116, '2021-02-25 04:30:51', '2021-02-25 04:30:51'),
(603, 'հատել', 'cross', 116, '2021-02-25 04:31:13', '2021-02-25 04:31:13'),
(604, 'դեղատուն', 'drugstore', 116, '2021-02-25 04:33:42', '2021-02-25 04:33:42'),
(608, 'Քննարկում', 'Discussion', 119, '2021-02-25 04:42:58', '2021-02-25 04:42:58'),
(609, 'Վերաբերմունք', 'Attitude', 121, '2021-02-25 05:26:33', '2021-02-25 05:29:07'),
(610, 'Բաղկացած', 'Consist of', 121, '2021-02-25 05:26:33', '2021-02-25 05:27:41'),
(611, 'Ապահովել', 'Provide', 121, '2021-02-25 05:26:34', '2021-02-25 05:27:04'),
(612, 'Կցել,փակցնել', 'Attach', 121, '2021-02-25 05:26:34', '2021-02-25 05:26:34'),
(613, 'Պաշտպանել', 'Defend', 121, '2021-02-25 05:30:05', '2021-02-25 05:30:05'),
(615, 'Փոխարինող', 'Substitute', 120, '2021-02-25 05:38:34', '2021-02-25 05:38:34'),
(616, 'Մասնագիտություն', 'Proffesion', 120, '2021-02-25 05:39:53', '2021-02-25 05:39:53'),
(617, 'Կիրառական տեխնոլոգիաներ', 'Applied technologies', 120, '2021-02-25 05:42:19', '2021-02-25 05:42:19'),
(618, 'Հաճախորդ', 'Customer', 120, '2021-02-25 05:42:50', '2021-02-25 05:42:50'),
(619, 'ՓԲԸ', 'Closed Join-stock company', 120, '2021-02-25 05:43:43', '2021-02-25 05:43:43'),
(621, 'Barev', 'Hello', 126, '2021-02-25 05:45:33', '2021-02-25 05:45:33'),
(622, 'ետեւից', 'behind', 116, '2021-02-25 05:50:10', '2021-02-25 05:50:10'),
(623, 'միջև', 'between', 116, '2021-02-25 05:51:27', '2021-02-25 05:51:27'),
(624, 'սկիզբ', 'beginning', 116, '2021-02-25 05:52:23', '2021-02-25 05:52:23'),
(625, 'անկյուն', 'corner', 116, '2021-02-25 05:53:19', '2021-02-25 05:53:19'),
(626, 'կառուցել', 'build', 116, '2021-02-25 05:57:36', '2021-02-25 05:57:36'),
(632, 'ես այստեղ եմ', 'i\'m here', 131, '2021-02-25 07:20:44', '2021-02-25 07:20:44'),
(634, 'կարող ես ինձ օգնել', 'can you help me', 131, '2021-02-25 07:21:52', '2021-02-25 07:21:52'),
(635, 'բոլորը զեղչված են', 'all are discounted', 131, '2021-02-25 07:22:41', '2021-02-25 07:22:41'),
(636, 'եթե գնեք մեզնից', 'if you buy from us', 131, '2021-02-25 07:23:33', '2021-02-25 07:23:33'),
(637, 'Մտածել', 'To think', 130, '2021-02-25 07:23:41', '2021-02-25 07:23:41'),
(638, 'Ատել', 'To hate', 130, '2021-02-25 07:24:18', '2021-02-25 07:24:18'),
(639, 'հասցեն անփոփոխ', 'address unchanged', 131, '2021-02-25 07:24:58', '2021-02-25 07:24:58'),
(640, 'Անջատել', 'To turn of', 130, '2021-02-25 07:25:06', '2021-02-25 07:25:06'),
(641, 'Հրաշալի', 'Great', 130, '2021-02-25 07:25:31', '2021-02-25 07:25:31'),
(642, 'Կորցնել', 'Lose', 130, '2021-02-25 07:26:09', '2021-02-25 07:26:09'),
(643, 'Դիմացիր', 'Hang in there', 133, '2021-02-25 08:04:07', '2021-02-25 08:04:07'),
(644, 'Բա իհարկե', 'Sure thing', 133, '2021-02-25 08:06:00', '2021-02-25 08:06:00'),
(645, 'Մանրակրկիտ նայել', 'Look into something', 133, '2021-02-25 08:08:34', '2021-02-25 08:08:34'),
(646, 'Արի փորձենք', 'Let’s give it a shot', 133, '2021-02-25 08:10:48', '2021-02-25 08:10:48'),
(647, 'Կներես', 'My bad', 133, '2021-02-25 08:11:42', '2021-02-25 08:11:42'),
(648, 'բառարան', 'dictionary', 134, '2021-02-25 09:22:55', '2021-02-25 09:22:55'),
(652, 'Խոսել', 'To talk', 135, '2021-02-25 11:07:16', '2021-02-25 11:07:16'),
(653, 'Մտածել', 'To think', 135, '2021-02-25 11:07:32', '2021-02-25 11:07:32'),
(655, 'Բանի տեղ մի դիր', 'Never mind', 136, '2021-02-25 11:10:40', '2021-02-25 11:11:23'),
(656, 'գնահատել', 'assess', 137, '2021-02-25 11:37:06', '2021-02-25 11:37:06'),
(657, 'կանխել, հետ պահել, կանխարգելել', 'prevent', 137, '2021-02-25 11:37:50', '2021-02-25 11:37:50'),
(658, 'վերաբերել, հղել', 'Refer', 137, '2021-02-25 11:38:20', '2021-02-25 11:38:20'),
(659, 'ակնհայտ', 'evident', 137, '2021-02-25 11:38:46', '2021-02-25 11:38:46'),
(660, 'կարճ ուսումն., ամփոփում, ակնարկ', 'overview', 137, '2021-02-25 11:39:34', '2021-02-25 11:39:34'),
(661, 'ձգան', 'trigger', 27, '2021-02-25 11:42:31', '2021-02-25 11:42:31'),
(663, 'կաշկանդել', 'constraint', 27, '2021-02-25 11:43:09', '2021-02-25 11:43:09'),
(664, 'կաշկանդել', 'constraint', 27, '2021-02-25 11:43:10', '2021-02-25 11:43:10'),
(665, 'հրավիրել ինչ որ մեկին հանդիպման', 'Ask out', 138, '2021-02-25 11:44:06', '2021-02-25 11:44:06'),
(666, 'աղտոտում', 'contamination', 27, '2021-02-25 11:44:14', '2021-02-25 11:44:14'),
(667, 'սպառել', 'deplete', 27, '2021-02-25 11:44:31', '2021-02-25 11:44:31'),
(668, 'ոչնչացում', 'extinction', 27, '2021-02-25 11:44:45', '2021-02-25 11:44:45'),
(669, 'նեղանալ', 'shrink', 27, '2021-02-25 11:44:58', '2021-02-25 11:44:58'),
(670, 'կայուն', 'stable', 27, '2021-02-25 11:45:12', '2021-02-25 11:45:12'),
(671, 'ճշտել', 'Ask around', 138, '2021-02-25 11:45:15', '2021-02-25 11:45:15'),
(672, 'ագնոստիկ', 'agnosthic', 27, '2021-02-25 11:45:23', '2021-02-25 11:45:23'),
(673, 'անիմիզմ', 'animizm', 27, '2021-02-25 11:45:34', '2021-02-25 11:45:34'),
(674, 'աթեիստ', 'atheist', 27, '2021-02-25 11:45:44', '2021-02-25 11:45:44'),
(675, 'բարկանալ', 'Blow up', 138, '2021-02-25 11:45:46', '2021-02-25 11:45:46'),
(676, 'աստվածացնել', 'deify', 27, '2021-02-25 11:46:00', '2021-02-25 11:46:00'),
(677, 'եկեղեցական', 'ecclesiastical', 27, '2021-02-25 11:46:13', '2021-02-25 11:46:13'),
(678, 'փչանալ', 'Break down', 138, '2021-02-25 11:46:16', '2021-02-25 11:46:16'),
(679, 'վեհացնել', 'exalt', 27, '2021-02-25 11:46:28', '2021-02-25 11:46:28'),
(680, 'ներխուժել', 'Break in', 138, '2021-02-25 11:46:33', '2021-02-25 11:46:33'),
(681, 'բարեպաշտ', 'pious', 27, '2021-02-25 11:46:40', '2021-02-25 11:46:40'),
(682, 'զոհաբերել', 'sacrifice', 27, '2021-02-25 11:48:01', '2021-02-25 11:48:01'),
(683, 'աստղագուշակ', 'astrological', 27, '2021-02-25 11:48:13', '2021-02-25 11:48:13'),
(684, 'գուշակություն', 'divination', 27, '2021-02-25 11:48:27', '2021-02-25 11:48:27'),
(685, 'վախ', 'horror', 27, '2021-02-25 11:48:34', '2021-02-25 11:48:34'),
(686, 'մեդիտացիա', 'meditate', 27, '2021-02-25 11:48:46', '2021-02-25 11:48:46'),
(687, 'հոգի', 'phantom', 27, '2021-02-25 11:48:56', '2021-02-25 11:48:56'),
(688, 'հոգեկան', 'psychic', 27, '2021-02-25 11:49:04', '2021-02-25 11:49:04'),
(689, 'հոգեկան', 'psychic', 27, '2021-02-25 11:49:06', '2021-02-25 11:49:06'),
(690, 'զարգանալ', 'evolve', 27, '2021-02-25 12:04:45', '2021-02-25 12:04:45'),
(691, 'ադաբտացնել', 'adapt', 27, '2021-02-25 12:05:27', '2021-02-25 12:05:27'),
(692, 'ադաբտացնել', 'adapt', 27, '2021-02-25 12:05:28', '2021-02-25 12:05:28'),
(693, 'բազմազան', 'diverse', 27, '2021-02-25 12:06:07', '2021-02-25 12:06:07'),
(694, 'հիմնական', 'feauture', 27, '2021-02-25 12:06:20', '2021-02-25 12:06:20'),
(695, 'հիմնական', 'feauture', 27, '2021-02-25 12:06:22', '2021-02-25 12:06:22'),
(696, 'սերունդ', 'generation', 27, '2021-02-25 12:08:29', '2021-02-25 12:08:29'),
(697, 'սերունդ', 'generation', 27, '2021-02-25 12:08:30', '2021-02-25 12:08:30'),
(698, 'գաղթ', 'migration', 27, '2021-02-25 12:08:46', '2021-02-25 12:08:46'),
(699, 'գաղթ', 'migration', 27, '2021-02-25 12:08:47', '2021-02-25 12:08:47'),
(700, 'ֆիզիկական', 'phsycal', 27, '2021-02-25 12:08:58', '2021-02-25 12:08:58'),
(701, 'ընթացք', 'process', 27, '2021-02-25 12:09:22', '2021-02-25 12:09:22'),
(702, 'ընթացք', 'process', 27, '2021-02-25 12:09:23', '2021-02-25 12:09:23'),
(703, 'գոյատեւել', 'survive', 27, '2021-02-25 12:10:37', '2021-02-25 12:10:37'),
(704, 'անոմալիա', 'anomaly', 27, '2021-02-25 12:10:49', '2021-02-25 12:10:49'),
(705, 'դեգրադացնել', 'degrade', 27, '2021-02-25 12:11:02', '2021-02-25 12:11:02'),
(706, 'բաց(ծակ)', 'gap', 27, '2021-02-25 12:11:16', '2021-02-25 12:11:16'),
(708, 'համընկնել', 'overlap', 27, '2021-02-25 12:11:40', '2021-02-25 12:12:55'),
(710, 'հասնել', 'retain', 27, '2021-02-25 12:11:52', '2021-02-25 12:11:52'),
(711, 'թափել', 'seep', 27, '2021-02-25 12:13:07', '2021-02-25 12:13:07');
INSERT INTO `dictionaries` (`id`, `armenian`, `english`, `user_id`, `created_at`, `updated_at`) VALUES
(712, 'կառուցվածք', 'structure', 27, '2021-02-25 12:13:20', '2021-02-25 12:13:20'),
(713, 'դիակիզում', 'cremation', 27, '2021-02-25 12:13:32', '2021-02-25 12:13:32'),
(714, 'տնային', 'domesticate', 27, '2021-02-25 12:14:10', '2021-02-25 12:14:42'),
(715, 'բանահյուսություն', 'folklore', 27, '2021-02-25 12:15:03', '2021-02-25 12:15:03'),
(716, 'բուժում', 'cure', 27, '2021-02-25 12:15:35', '2021-02-25 12:15:35'),
(717, 'կանխատեսել', 'prognosis', 27, '2021-02-25 12:15:56', '2021-02-25 12:15:56'),
(718, 'հիվանդություն', 'desease', 27, '2021-02-25 12:16:07', '2021-02-25 12:16:07'),
(719, 'երակ', 'vein', 27, '2021-02-25 12:16:15', '2021-02-25 12:16:15'),
(720, 'ներարկել', 'inject', 27, '2021-02-25 12:16:26', '2021-02-25 12:16:26'),
(721, 'սպի', 'scar', 27, '2021-02-25 12:16:35', '2021-02-25 12:16:35'),
(722, 'մահացու հետեւանքով դեպք', 'fatally', 27, '2021-02-25 12:17:10', '2021-02-25 12:17:10'),
(723, 'դատաբժշկական փորձաքննություն,', 'forensics', 27, '2021-02-25 12:17:49', '2021-02-25 12:17:49'),
(724, 'ավելի վատացնել', 'aggravate', 27, '2021-02-25 12:19:20', '2021-02-25 12:19:20'),
(725, 'համառել', 'persist', 27, '2021-02-25 12:20:03', '2021-02-25 12:20:03'),
(726, 'վերջում', 'terminal', 27, '2021-02-25 12:20:17', '2021-02-25 12:20:17'),
(727, 'վերք', 'wound', 27, '2021-02-25 12:20:29', '2021-02-25 12:20:29'),
(728, 'անզգայացում', 'anesthezia', 27, '2021-02-25 12:20:48', '2021-02-25 12:20:48'),
(729, 'մեծացում', 'augment', 27, '2021-02-25 12:21:17', '2021-02-25 12:21:17'),
(730, 'հավաստագրելի', 'certifiably', 27, '2021-02-25 12:21:34', '2021-02-25 12:21:34'),
(731, 'բարդություն', 'complication', 27, '2021-02-25 12:21:48', '2021-02-25 12:21:48'),
(732, 'նեխած', 'decrepit', 27, '2021-02-25 12:22:00', '2021-02-25 12:22:00'),
(733, 'գեր', 'obese', 27, '2021-02-25 12:22:07', '2021-02-25 12:22:07'),
(734, 'ուսումնական ընթեցակարգ', 'curriculum', 27, '2021-02-25 12:22:27', '2021-02-25 12:22:27'),
(735, 'ծխական', 'parochial', 27, '2021-02-25 12:22:47', '2021-02-25 12:22:47'),
(736, 'հստակ', 'distincly', 27, '2021-02-25 12:22:55', '2021-02-25 12:22:55'),
(737, 'երկարություն', 'longitute', 27, '2021-02-25 12:23:06', '2021-02-25 12:23:06'),
(738, 'բարձրակարգ', 'erudate', 27, '2021-02-25 12:23:21', '2021-02-25 12:23:21'),
(739, 'խստապահանջ', 'rigor', 27, '2021-02-25 12:23:57', '2021-02-25 12:23:57'),
(740, 'ամրացնել', 'fortify', 27, '2021-02-25 12:24:06', '2021-02-25 12:24:06'),
(741, 'հետեւանք', 'consequence', 27, '2021-02-25 12:24:16', '2021-02-25 12:24:16'),
(743, 'Հարմար', 'Convenient', 142, '2021-02-25 12:43:29', '2021-02-25 12:43:29');

-- --------------------------------------------------------

--
-- Table structure for table `failed_jobs`
--

CREATE TABLE `failed_jobs` (
  `id` bigint(20) UNSIGNED NOT NULL,
  `connection` text COLLATE utf8mb4_unicode_ci NOT NULL,
  `queue` text COLLATE utf8mb4_unicode_ci NOT NULL,
  `payload` longtext COLLATE utf8mb4_unicode_ci NOT NULL,
  `exception` longtext COLLATE utf8mb4_unicode_ci NOT NULL,
  `failed_at` timestamp NOT NULL DEFAULT CURRENT_TIMESTAMP
) ENGINE=InnoDB DEFAULT CHARSET=utf8mb4 COLLATE=utf8mb4_unicode_ci;

-- --------------------------------------------------------

--
-- Table structure for table `migrations`
--

CREATE TABLE `migrations` (
  `id` int(10) UNSIGNED NOT NULL,
  `migration` varchar(255) COLLATE utf8mb4_unicode_ci NOT NULL,
  `batch` int(11) NOT NULL
) ENGINE=InnoDB DEFAULT CHARSET=utf8mb4 COLLATE=utf8mb4_unicode_ci;

--
-- Dumping data for table `migrations`
--

INSERT INTO `migrations` (`id`, `migration`, `batch`) VALUES
(1, '2014_10_12_000000_create_users_table', 1),
(2, '2014_10_12_100000_create_password_resets_table', 1),
(3, '2019_08_19_000000_create_failed_jobs_table', 1),
(4, '2021_02_04_062412_create_dictionaries_table', 1);

-- --------------------------------------------------------

--
-- Table structure for table `password_resets`
--

CREATE TABLE `password_resets` (
  `email` varchar(255) COLLATE utf8mb4_unicode_ci NOT NULL,
  `token` varchar(255) COLLATE utf8mb4_unicode_ci NOT NULL,
  `created_at` timestamp NULL DEFAULT NULL
) ENGINE=InnoDB DEFAULT CHARSET=utf8mb4 COLLATE=utf8mb4_unicode_ci;

--
-- Dumping data for table `password_resets`
--

INSERT INTO `password_resets` (`email`, `token`, `created_at`) VALUES
('angh200600@gmail.com', '$2y$10$qKeHExL7xkkg2W9rGz3p6.4rszJwf.TQcSexodjlrRPHJ7G0M0ac2', '2021-02-24 16:57:32');

-- --------------------------------------------------------

--
-- Table structure for table `users`
--

CREATE TABLE `users` (
  `id` bigint(20) UNSIGNED NOT NULL,
  `name` varchar(255) COLLATE utf8mb4_unicode_ci NOT NULL,
  `email` varchar(255) COLLATE utf8mb4_unicode_ci NOT NULL,
  `email_verified_at` timestamp NULL DEFAULT NULL,
  `password` varchar(255) COLLATE utf8mb4_unicode_ci NOT NULL,
  `remember_token` varchar(100) COLLATE utf8mb4_unicode_ci DEFAULT NULL,
  `created_at` timestamp NULL DEFAULT NULL,
  `updated_at` timestamp NULL DEFAULT NULL
) ENGINE=InnoDB DEFAULT CHARSET=utf8mb4 COLLATE=utf8mb4_unicode_ci;

--
-- Dumping data for table `users`
--

INSERT INTO `users` (`id`, `name`, `email`, `email_verified_at`, `password`, `remember_token`, `created_at`, `updated_at`) VALUES
(1, 'Satenik Abrahamyan', 'satabr1999@gmail.com', NULL, '$2y$10$jich12W8TWjA2zKt659pHedHnC2zJ8.fNWMlUL.sgNMLwiy39QMga', '8jHB4Z5Pj99XfqnleXoDoYF3ElhVLyFzZEOpL0xg4ysvTLexDbkRKs9gPudw', '2021-02-18 12:04:58', '2021-02-18 12:04:58'),
(2, 'Lusine', 'lusine741@gmail.com', NULL, '$2y$10$v7sfbCSHzQTS68L6nIJcp.vGGfb.up6VKH0rx3qdp4dVROpGoEwDW', NULL, '2021-02-18 12:41:50', '2021-02-18 12:41:50'),
(3, 'Emili', 'emtigranyan@gmail.com', NULL, '$2y$10$FDvkXMIzpnnppQKXLdYrBOtazHbfOc0tGVSSvL82jgSwUetAzkWZ2', NULL, '2021-02-18 13:30:43', '2021-02-18 13:30:43'),
(4, 'Davit', 'muradyandavit99@gmail.com', NULL, '$2y$10$VqU0YtM0eH3KPQ9gBKcSxekuf6c4qY.Gqa2AO4ZejcS5xf77Rpy5K', NULL, '2021-02-18 13:50:38', '2021-02-18 13:50:38'),
(5, 'Lusi', 'lusinevoskanyan07@gmail.com', NULL, '$2y$10$k8k0Q8EHDA9thP9.5kC/AO0S6Wy5d0oNG0b1Sa9TxJblMesbHe6Li', NULL, '2021-02-18 14:32:52', '2021-02-18 14:32:52'),
(6, 'Angela', 'angela240185@gmail.com', NULL, '$2y$10$XqyRa.Mv9qKB0UQJsa1/h.EHttrXhmFUyfLdyvWoVvDvT1VQGEvPm', NULL, '2021-02-18 14:55:57', '2021-02-18 14:55:57'),
(7, 'Anna', 'annaqaramyan2002@mail.ru', NULL, '$2y$10$0T0az5X5ILvi3zNqUD7RC.cZ.wMZufbFz60obmp5/R5081AVDHr0S', NULL, '2021-02-18 16:19:29', '2021-02-18 16:19:29'),
(8, 'Liana', 'lianakhalatian@gmail.com', NULL, '$2y$10$SR2tGtE5Ca092P97hEXS3.BCUXTdXOKk1/J87LrPCmdFXkUbrQ06i', NULL, '2021-02-18 16:22:32', '2021-02-18 16:22:32'),
(9, 'Lilith', 'lilit_sargsyan_888_sargsyan@mail.ru', NULL, '$2y$10$76pNX4XkEFtYU5FDw0.9deKxrv//Pq9YOUjKy/JXNIYDibCJ3v7rK', NULL, '2021-02-18 17:08:20', '2021-02-18 17:08:20'),
(10, 'Edita Hakobyan', 'editahak22@mail.ru', NULL, '$2y$10$LF.ocQFcnepeKUCDekt9J.lmNTOue29iQoLGArOs..bw7yum4GbPS', NULL, '2021-02-18 19:03:51', '2021-02-18 19:03:51'),
(11, 'Haykush', 'haykushd@bk.ru', NULL, '$2y$10$G5I3uNH9Ia.WqkHhxtigPeFB4S7scez9cuQcJw3XBuoTSoDPEW25G', '57UY9Fcp9WZFJMVk27uAdrEBQQXpEo5KrvpKG4zq7nWrgrNPGLLaye7JRFxB', '2021-02-18 19:16:38', '2021-02-18 19:16:38'),
(12, 'Dally', 'dallakyan.2003.g@mail.ru', NULL, '$2y$10$D5Ac/Q2N8dkOogcjMbzQyOE5z4ZggVPS.vKxTFbjbWFvTddl7Vwt2', NULL, '2021-02-18 20:17:37', '2021-02-18 20:17:37'),
(13, 'Ani', 'ani.mamajanyan@gmail.com', NULL, '$2y$10$xlo09kA2DdO7QcRV8kf9Au4UybcsNzvfhahyLuq5EPxPOC5cOcNoq', NULL, '2021-02-18 23:11:59', '2021-02-18 23:11:59'),
(14, 'Milena', 'milenahartenyan23@gmail.com', NULL, '$2y$10$KwsD3IfcOnV0HM6EMoeSbOznRg5zsPxIOXm6gptdrtuSHsXDlwTNS', NULL, '2021-02-19 04:21:47', '2021-02-19 04:21:47'),
(15, 'Liza', 'sahakyan.liza@gmail.com', NULL, '$2y$10$pK0k9W49dWi9C7YvLw6XYOQLuQUp4hDZDK3eIqOrqzv5jNrKjRWB.', NULL, '2021-02-19 06:49:16', '2021-02-19 06:49:16'),
(16, 'Flower', '13.flower@mail.ru', NULL, '$2y$10$J6JunIEbC.q22qpwCvN2aeC88.TKDmzg.jxgz8dEGoWl870bqA6R6', NULL, '2021-02-19 06:51:41', '2021-02-19 06:51:41'),
(17, 'Annie', 'ani.gharabaghtsyan22@gmail.com', NULL, '$2y$10$ttGWbg5KkEFpp8Bq7IX0i.Mg9roUJ0D7q6/XWvCkjnpnjpbhvSMWq', 'yEYrwNWILCUPObUM2xeXJHIhVZX9vlQzV8fxFnajuE5GPcdW2WYl8nD1e3wg', '2021-02-19 07:07:12', '2021-02-19 07:07:12'),
(18, 'Felo', 'feliks.h.y@tumo.org', NULL, '$2y$10$uFUsloBwGL.5zDXgQEWbn.UVvpk36ky8DoPbwnXC19Msq8y96Xc56', 'pOezEiwnaFgQ5Nz8HUBjbzJk5eJ5ITXdkrcz5LJzXB0MDwNOIkJPjAdvEjgK', '2021-02-19 09:23:58', '2021-02-19 09:23:58'),
(19, 'Lusine', 'ohanyanlusine1997@gmail.com', NULL, '$2y$10$EPe8EsAamGV8RrQ44IKcJexmvMWYO2O7QqnW9AF58gANA1mRbG.nC', NULL, '2021-02-19 09:24:28', '2021-02-19 09:24:28'),
(20, 'Sona', 'sonhovhannisian@gmail.com', NULL, '$2y$10$MLsTYioM3EHnUwBtGTZByuLMVfvZuPFOk..f3C9n5QptUyJSDb4/S', NULL, '2021-02-19 10:08:20', '2021-02-19 10:08:20'),
(21, 'Ani', 'ani-mkrtchyan-96@list.ru', NULL, '$2y$10$YG23A0hIRta/nAZVVFCtY.CEKPTjmPZtzeU4.xxgUqfK.0drKFagi', NULL, '2021-02-19 12:12:49', '2021-02-19 12:12:49'),
(22, 'Margarita', 'riri.fenty.01@mail.ru', NULL, '$2y$10$V4YFxBZ5XOocQ405/kkase.i2P7G4sOT7UAZ4FNrk4rFb0HIg0.n.', 'roPoHIy2TGMGEZY32SrjAiIt5LfZazIwS3BLPxaukCY2N7N55hThj4S8cICp', '2021-02-19 13:30:49', '2021-02-19 13:30:49'),
(23, 'Lilit', 'lilitlazaryan15@gmail.com', NULL, '$2y$10$6sme9kzBP8dwJdjKZwTdiOBhHXmB2L13lv8BH33Hz7x5iB/NOq9oa', NULL, '2021-02-19 14:34:12', '2021-02-19 14:34:12'),
(24, 'Ani', 'tokhuntsani@gmail.com', NULL, '$2y$10$X8hJvgltE7BxjWg.OoF60u3rY2D9WQfG/y62gRmFfGjfounTTM6tC', NULL, '2021-02-19 14:59:44', '2021-02-19 14:59:44'),
(25, 'Anush', 'anushmuradyan333@gmail.com', NULL, '$2y$10$JW92ovjvHwlvrqVkX9nBf.f8QStWkV3.WSMY5D1fOOL6UAwo7teh.', NULL, '2021-02-19 16:23:25', '2021-02-19 16:23:25'),
(26, 'Kristin', 'karakelyan7@gmail.com', NULL, '$2y$10$fCt7JEkRPn1PF1Kr1va10OJvlda4Rzo21Uoll1QwDsQy7q1Wi9yFa', NULL, '2021-02-19 18:01:00', '2021-02-19 18:01:00'),
(27, 'Inga', 'ingashirakyan8@gmail.com', NULL, '$2y$10$j5h4FONpMB/c6lNVzPrG2uXBiR/nQ2L/IZTqNRvp4kLr2mDweMoGK', NULL, '2021-02-19 19:30:57', '2021-02-19 19:30:57'),
(28, 'vard', 'rose-khtr@mail.ru', NULL, '$2y$10$tpa6zFvylN8YI0NGDt9AK.4cALZIWDDl8fRBRUBTyw68P26lFO8CC', NULL, '2021-02-19 19:50:54', '2021-02-19 19:50:54'),
(29, 'annakhechumyan@gmail.com', 'annakhechumyan@gmail.com', NULL, '$2y$10$vpOdtjtVkIMmmMca/XA1Juk2f0olillQWOT73fyboZPo7Ak9OT9Sq', NULL, '2021-02-19 19:51:51', '2021-02-19 19:51:51'),
(30, 'Ani', 'anighumashyan2020@gmail.com', NULL, '$2y$10$WyoyBmA1H6fw6RPIrvCNKOddnIlnBF0H8ufmYAO0JGWvjqd1ZInnC', NULL, '2021-02-19 20:00:40', '2021-02-19 20:00:40'),
(31, 'Sipan', 'sip007@icloud.com', NULL, '$2y$10$hkPiXfCyTP.p76sUlLxpj.Yhe/eq7pRx/RA4vBagskPgcUkjpQHQq', NULL, '2021-02-19 20:26:07', '2021-02-19 20:26:07'),
(32, 'Armine', 'arminmartirosyan9@gmail.com', NULL, '$2y$10$Adk//X7fjAkO2K8q.3fhXO7w3pM36XHqxtwSsLf4xVlPMceuA0dtW', NULL, '2021-02-19 21:05:10', '2021-02-19 21:05:10'),
(33, 'Ruzanna Talalyan', 'rtalalyan@yahoo.com', NULL, '$2y$10$CUjA2AK7a5/9iTNV90uHAuzzG6KwbDlFXIhuXuSErHuDfKrxrFGQO', NULL, '2021-02-20 04:33:03', '2021-02-20 04:33:03'),
(34, 'Anna khukoyan', 'khukoyananna@yahoo.com', NULL, '$2y$10$J29oR5UnptgOwbMF1XCSc.fYqdu.f4PwK0rdXm8bBAk4Se6jg83n.', NULL, '2021-02-20 04:52:16', '2021-02-20 04:52:16'),
(35, 'Lilit', 'lilitmel-yan@mail.ru', NULL, '$2y$10$rR06lYlnGv/xDp7N2VbvDeX/dhF/xCPSIyuIUSA/DXPm0cmyFUHBS', NULL, '2021-02-20 10:30:08', '2021-02-20 10:30:08'),
(36, 'Milena', 'milenahovhsnniaysnn@mail.ru', NULL, '$2y$10$81fB7ciXp0jxQmUaeLFU/ufswNL2bYNrQlxAYcjb5NrufwEPGbkM.', NULL, '2021-02-20 11:19:28', '2021-02-20 11:19:28'),
(37, 'Milena', 'milenahovhannisyann@mail.ru', NULL, '$2y$10$52XG/1vwp4TLEkXbMLFoTuhk3QfyoYFjCJ0R5Jgzjqh7T9Qu2I.ue', NULL, '2021-02-20 11:20:15', '2021-02-20 11:20:15'),
(38, 'Naira', 'grigoryan.n2011@mail.ru', NULL, '$2y$10$eKa5VX.HGGMcK1FlSaCSEe2lAvN05a9HA5BJoIvY78gp9ffHfGdKy', NULL, '2021-02-20 13:37:57', '2021-02-20 13:37:57'),
(39, 'Ika Torosyan', 'ikatorosyan@mail.ru', NULL, '$2y$10$La2FE3jeCr1Xcl/byJs7UuU/t/1Z1qc5xqDfQiA6tGZAtCTZk20G2', NULL, '2021-02-20 16:01:23', '2021-02-20 16:01:23'),
(40, 'Ann', 'angrigoryan555@gmail.com', NULL, '$2y$10$6IiwGEueHREznwYb8CoM7OeUo/z3ZW8ND6v5pChaJC.AUyDVJ8zJq', NULL, '2021-02-20 17:14:31', '2021-02-20 17:14:31'),
(41, 'Anushik', 'anushik.ghuzanyan@mail.ru', NULL, '$2y$10$SuQKRUzBKkeQqSl9lhX1jO/b7jCAaPLUw/kG0BQ9utLj5cknSK.FO', NULL, '2021-02-20 18:16:23', '2021-02-20 18:16:23'),
(42, 'Hermine', 'aghajanyanhermine1997@mail.ru', NULL, '$2y$10$nJ0wKYkEtSBT1mhkUeZGAuaKviwTqJ58AXa4MtwOhuXCQa9SM4vGe', NULL, '2021-02-20 20:04:26', '2021-02-20 20:04:26'),
(43, 'Ani', 'ani.saroyan.2012@gmail.com', NULL, '$2y$10$l7wvxz2zjclKADkE1FyTcej4a9oB5GnxZvCZQ4PX/A514x/CMIKqG', NULL, '2021-02-20 20:45:52', '2021-02-20 20:45:52'),
(44, 'Maria', 'Mminasyan00@gmail.com', NULL, '$2y$10$4sv6bBwrbAaQFXPDKIaH5OxHH9JdFhBjHEtqEIuXHzMf1W.9evOdC', NULL, '2021-02-20 23:23:11', '2021-02-20 23:23:11'),
(45, 'Dian Budumyan', 'dianabudumyan@gmail.com', NULL, '$2y$10$LCd6Qj/551rGGIgqW9BHUeHAIxxhQDIJ5mPzoV3aTU7yJh6qeyTjW', NULL, '2021-02-21 04:41:33', '2021-02-21 04:41:33'),
(46, 'Alisa', 'buniatyanalisa@gmail.com', NULL, '$2y$10$N8luLrA73mRIDZsJDI7Vde2MJ.fhyGqHXZDTA.jYJFm.x5CDtDXli', NULL, '2021-02-21 07:50:23', '2021-02-21 07:50:23'),
(47, 'Nara', 'nrnavasardyan@gmail.com', NULL, '$2y$10$0ElPfV0tueTiwuF6iUp3be/7gpP1.H7K8iqYfHmMxLyluFDU3FzOW', NULL, '2021-02-21 08:09:26', '2021-02-21 08:09:26'),
(48, 'Susanna', 'susiksahakian@gmail.com', NULL, '$2y$10$Jn2arez5nJMdCRQBgjAjieiHpMjxQvKpU7UryngAiaZzOdJQIGztu', NULL, '2021-02-21 10:03:15', '2021-02-21 10:03:15'),
(49, 'Anna', 'anghulijanyan@gmail.com', NULL, '$2y$10$AW1NhReYsBgxoqHYRf1BAe1QclfRzWFmrN99mTNnPLs6ucHJQgvTi', 'r8qJDPiRktAUJvtY00cAg8IiJtYcV8fPnzYCNfffQRGTpu9ea7rek03JVgFc', '2021-02-21 10:52:27', '2021-02-23 10:26:53'),
(50, 'Karen', 'ohanyank69@gmail.com', NULL, '$2y$10$awG6NJG/LquSUjWWDllA/OyiUZNFoZCZYd18VPruSSK2qP2BecIPy', NULL, '2021-02-21 12:43:38', '2021-02-21 12:43:38'),
(51, 'Seda', 'ades40261@gmail.com', NULL, '$2y$10$EtludII8sKgs1kvy9ceJ6eoQWBDPPVky3LLu6OReWDYIm9ECrLFSi', NULL, '2021-02-21 13:02:06', '2021-02-21 13:02:06'),
(52, 'Davit Hakobyan', 'david.hakobyan2001@gmail.com', NULL, '$2y$10$W7u.M9gY5d2gWTyIlx4C6uzz/LzrS7VVwJVUJol6HhOzs.P4iXSN2', '14Yu0SUVd1adzzNBgzNywnmmiRkBOnzQGmoUOptE9KmZAyzeSR7y9iwtnrX5', '2021-02-21 13:44:00', '2021-02-22 07:49:36'),
(53, 'Անահիտ', 'angh200600@gmail.com', NULL, '$2y$10$YL1pWg/NVJKJNzVlsYoM9.AoIyOAMxFP0hwxIb7oSpjUmXC7JKyra', NULL, '2021-02-21 14:08:42', '2021-02-21 14:08:42'),
(54, 'Qristine', 'qristinepiroeva@gmail.com', NULL, '$2y$10$DDhZ.FJQrBYWgxLnLhunXu.uhORPGXC/LmUPjbOSVlp5wB72f/6wu', NULL, '2021-02-21 20:29:23', '2021-02-21 20:29:23'),
(55, 'Ananun', 's-azatyan@mail.ru', NULL, '$2y$10$Bfagjz0s/RSEadJeHs2tpuDZR1FgmztpHa5ri69UXGduGyuvRjF9.', NULL, '2021-02-21 21:41:09', '2021-02-21 21:41:09'),
(56, 'L', 'lilit3007@mail.ru', NULL, '$2y$10$qoe4EyiDerKX7oSOWwvJsuN4gqKPUPtl7JAsKPM.dkuCnvgPV34iW', NULL, '2021-02-21 23:01:31', '2021-02-21 23:01:31'),
(57, 'Mar', 'maria.manukyan.04@mail.ru', NULL, '$2y$10$LiPFBIVO1B43S0s/T1kvPu9p0tiBqpaW22Rh5ScoJXT91XdRfFi2S', NULL, '2021-02-21 23:22:45', '2021-02-21 23:22:45'),
(58, 'Manr', 'marineserobyan55@gmail.com', NULL, '$2y$10$V4G8aH9WH6GTqL10dXAz/.NTgwIWyhlGsHfJLMRU02Zg7We9EMv6S', 'nttRklbldDkr4P044r98Ppk8Cja77l1s92zjpkeprMkREuIM8o35xjsPxojV', '2021-02-22 00:58:56', '2021-02-22 00:58:56'),
(59, 'Marine', 'marineserobyan55@mail.ru', NULL, '$2y$10$n8mgTsBFV30rDiZtv/rdiuUnbusxF6jw4DcD.2nw5XTsTKTQRGD/6', NULL, '2021-02-22 05:26:59', '2021-02-22 05:26:59'),
(60, 'Seda', 'sedaeghiazaryan06@mail.ru', NULL, '$2y$10$OuBzXgW9iQIlYZc4mipPcu825L.6.xLsSvJ9ujrIpZK0LqeXS6XyC', NULL, '2021-02-22 08:41:48', '2021-02-22 08:41:48'),
(61, 'Hranoush', 'h.aghajanyan@list.ru', NULL, '$2y$10$CPjM2Jrpi1yQ1a5o45pIYuhW5XB2DsSkMXu7BHcHNXX4pCMZqW6xe', NULL, '2021-02-22 11:06:35', '2021-02-22 11:06:35'),
(62, 'Inessa', 'karaxanyaninessa20@gmail.com', NULL, '$2y$10$0neSCRvV0c4iGpjeZ2RNyOPjglw1Rh/KFqmfZbjTAHURkCYq94J2O', NULL, '2021-02-22 11:35:00', '2021-02-22 11:35:00'),
(63, 'Vergine', 'vegpapikyan14@gmail.com', NULL, '$2y$10$gU18qm3O5LD7AbDYkheaHuIDe/YFXVjT9gKS8eKur.Q6FMPV/qfza', 'a1jPO0QkYLrd6qq8oTvEDliUypk3ls3iYrFP9KWpCSTlVJCxRqtskVYoe35T', '2021-02-22 11:38:41', '2021-02-22 11:38:41'),
(64, 'Lilith', 'lilith.gogchyan@mail.ru', NULL, '$2y$10$1gs4K5pLp5JuOZZy41L2oulFy3QOUAgQF6xCAj1D3TDPKQjPVW1jW', NULL, '2021-02-22 11:42:22', '2021-02-22 11:42:22'),
(65, 'Margarita', 'manukyanmargarita2000@gmail.com', NULL, '$2y$10$Qd2G.D934uaSLqPkGyNCDOfeVs3Iwz7bhig6DljQ9xhsd8EiAtKVu', NULL, '2021-02-22 14:30:39', '2021-02-22 14:30:39'),
(66, 'Tatev', 'tatevik@das22.com', NULL, '$2y$10$4fhfEOWd.1mjlxlaTjDQ1uIA4Pqi75ZVnlcU7j2GD2qo7yxwbbika', 'WBlFLXxhCZEEv2cb20C3wgDlWqZMZKJgVmqq1K4woa4OG8hIcwwXrUkNzi63', '2021-02-22 14:50:27', '2021-02-22 14:50:27'),
(67, 'Tatev', 'tatevik@dasa22.com', NULL, '$2y$10$/zSkYKDUFZ3G19JKgGuTKecAWAWuuvGK5O6I6r8rKqpPZeEd2/PVS', 'Vr4NvqsiHcpNMH9EGlzglCx1dy695koo5z7IODclFyP0acQbg2pMrBvOev73', '2021-02-22 15:17:47', '2021-02-22 15:17:47'),
(68, 'Monika', 'mehrabyanmonika@gmail.com', NULL, '$2y$10$FpTs.nA4eri3PnW6VZRE.uFzTUZg6N7Ef2DLbJff6QxoEcblcT9rG', NULL, '2021-02-22 15:51:09', '2021-02-22 15:51:09'),
(69, 'Ina', 'ina2017gevorgyan@gmail.com', NULL, '$2y$10$i/rlAOmLf25HRb5m1nkXh.3j0KefkLs1goeWgozbExovzHo0SDrAS', NULL, '2021-02-22 16:10:20', '2021-02-22 16:10:20'),
(70, 'Anahit', 'anahit.hovhannisyan02@gmail.com', NULL, '$2y$10$Y0m1qzWohXTCihICuM1/AOEThc89nHWip9STWkuo8DE2WNv0i3bVG', NULL, '2021-02-22 19:59:04', '2021-02-22 19:59:04'),
(71, 'Anahit Petrosian', 'anahit.petrosyan2001@gmail.com', NULL, '$2y$10$H4oWP.vYX5u/FqwhVHi5y.a6MxA8318aWpaCC3JgaqdYfV6gN1sEO', 'RWVz1tbXTPhvrHV1S6JzMJ0yHtmIZ4NlEXoCwzSaLGgYjfYbS1X5QkHzyu0j', '2021-02-22 20:49:45', '2021-02-22 20:49:45'),
(72, 'Tatev', 'tatosimonyan@hotmail.com', NULL, '$2y$10$vmJ4bHXg4DJcgn6tQ1.oFOPHWVYu1CJe9bZKBxSyaCOiR2SbP.mzK', NULL, '2021-02-22 21:00:40', '2021-02-22 21:00:40'),
(73, 'Marine', 'marineh.petrosyan@gmail.com', NULL, '$2y$10$P2aUM4txAqW6F5MmOeuYhe8Mf91gG93fM3Dum0ZW6LmZqDndIeEc.', 'aLTcWST586tfnrJXevmo330NewoOCXt8BrH8oul44nHZ9JyKDKZC2MATLaQC', '2021-02-23 13:07:51', '2021-02-23 13:07:51'),
(74, 'Lusine', 'lxachatryan04@mail.ru', NULL, '$2y$10$9JVCXP42BgVSJcQMNzf02uMWxUI5kqTI07QG0C7P7JcVXXbgQdmWC', NULL, '2021-02-23 13:56:08', '2021-02-23 13:56:08'),
(75, 'Mery', 'meriadamyan.j3@gmail.com', NULL, '$2y$10$t.nx/zT1bAPVcC59439cXeg.WOYYRn3pTMQtFg9jaGOOgVtR2hJLO', NULL, '2021-02-23 15:15:40', '2021-02-23 15:15:40'),
(76, 'Sofi Zargaryan', 'sofizargaryan07@gmail.com', NULL, '$2y$10$GuSbcirfGFIxK0UKsWjlYeEmb9sdN..ig/U6dKYAdpS4fR2s8muk.', NULL, '2021-02-23 18:33:59', '2021-02-23 18:33:59'),
(77, 'Gor', 'mejlumyan0500@mail.ru', NULL, '$2y$10$IzAisloPFJ/5aRm42GrhH.VB/SeS/EXzXxkank3YP/W2spcKaiUoG', NULL, '2021-02-23 20:24:20', '2021-02-23 20:24:20'),
(78, 'Tatev', 'andreasyantatev261429@gmail.com', NULL, '$2y$10$uTdUY1KC2X.Vxr0nqpUzKOpaT30mxN7HasvfBAFD.E7n1NbCH1urm', NULL, '2021-02-23 20:54:36', '2021-02-23 20:54:36'),
(79, 'Emilia', 'emiliakarapetyan19@gmail.com', NULL, '$2y$10$45PlRRpA6x76qPcWiC2v9.Yl4.xnwnxvGH7p8Bvhu.xqzyJch1gIu', NULL, '2021-02-24 05:41:37', '2021-02-24 05:41:37'),
(80, 'Metaksya', 'metaksya.malkhasyan@gmail.com', NULL, '$2y$10$zAkRUQHr.RyanP3HjH4o.uGRmeu4J2qtf2QiCha.CPqkoSYyPlZWG', NULL, '2021-02-24 06:18:48', '2021-02-24 06:18:48'),
(81, 'Mariam', 'snkhchyanmariam@email.ru', NULL, '$2y$10$K35DDPbSbTmuU3QGaUWkleS2uzqh4EZQAJ8daMzdctDLQjPDT7XRq', 'jCqhHtJs0SjhRLhvsf7eLkqeoVRG2uTSz2QKjlDn7wd4bRhKcR4X8LG2bp5p', '2021-02-24 11:34:13', '2021-02-24 11:34:13'),
(82, 'Elen', 'ell_myan@mail.ru', NULL, '$2y$10$wakgLeejAaId8U8XgnrDL.xW6q0NUTdsOnhYIrPWtjBApnDStBsEK', NULL, '2021-02-24 11:59:42', '2021-02-24 11:59:42'),
(83, 'Gisane', 'gisane.gevorgyan@bk.ru', NULL, '$2y$10$Ete11FA66ysweBN8v9Scke0xOqW58VcL.kEwAblISiB5eN.lu7IY6', NULL, '2021-02-24 12:41:34', '2021-02-24 12:41:34'),
(84, 'Gohar', 'hgohar565@email.com', NULL, '$2y$10$E2h/X4K4MwyD61xBTYxacu5zeAZha77SINwpLRjjCG5VzcZuOympq', NULL, '2021-02-24 12:58:06', '2021-02-24 12:58:06'),
(85, 'Ani Soghomonyan', 'step.anisoghomonyan4@gmail.com', NULL, '$2y$10$ZVPHMzRzwfT1nCoFnr0Gf.ArakAMjF6oC0DWJdVYAZrppE3s5XCGu', NULL, '2021-02-24 16:35:15', '2021-02-24 16:35:15'),
(86, 'Asya Sandrosyan', 'asyasandrosyan@gmail.com', NULL, '$2y$10$wxsgOSOx12XuUTECiIbX/eUNNPOxDlrACoXgR3lF3JUwe9XaVHA3G', '7ll5F473wgc6rerBJWuodzNOOCF6IwXAJhFcn0B7UUXgyPKKnf0BYD4SRLiI', '2021-02-24 16:52:48', '2021-02-24 16:52:48'),
(87, 'Karine', 'aghekyankarine@gmail.com', NULL, '$2y$10$BSg26ByNsONLUZW7gKkl2O9bJjKWm4FBqbQ.3Cmuf8n.pHDJYd03O', NULL, '2021-02-24 16:59:41', '2021-02-24 16:59:41'),
(88, 'Անահիտ', 'henrik.ghazaryan84@mail.com', NULL, '$2y$10$JyDcF37Bc9kZyytc.dRHXuz6EHkeFFSZwWq2nkozs9cwq/ccECRUe', NULL, '2021-02-24 17:01:24', '2021-02-24 17:01:24'),
(89, 'Armine', 'm-armin@mail.ru', NULL, '$2y$10$9RZCwB4CfSAfgpsqLa.j6u74cd6OzPujNBck9rqtnaOSsntvZND32', NULL, '2021-02-24 17:20:54', '2021-02-24 17:20:54'),
(90, 'Syuzan Manukyan', 'syuzanmanukyan19@gmail.com', NULL, '$2y$10$A7Zj5ROf1nQiNmTgQ5VbJefXdSESHuk0zFKGoJbwOTD7EjHYRJVE.', NULL, '2021-02-24 17:31:41', '2021-02-24 17:31:41'),
(91, 'Milena', 'magakyan.2006@mail.ru', NULL, '$2y$10$d/iEu2CFegxTsd2jHNnFveHOpGiwJ/HXQVR8P2Q4HLp8RSI54pL8m', NULL, '2021-02-24 17:50:01', '2021-02-24 17:50:01'),
(92, 'Asi Hovhannisian', 'asihovhannisian@gmail.com', NULL, '$2y$10$sCe1d3B9dGy4fFmUMJMOR.1ScLsv9FM82ZW0gK8Iwt21pgYQqxkh2', 'p0t2cv5ZEbkiEjITgmuYakLZ3njnEe2WZeeNeSN8bhxDDTzkDOa1VFUb9Zwr', '2021-02-24 17:53:46', '2021-02-24 17:53:46'),
(93, 'Katrin', 'perikhanyankatrin@gmail.com', NULL, '$2y$10$5hd/akErm7FS0Y6lPrjVB..1SuJtz7574J842AJXxWdb6AgJ2lZ7e', NULL, '2021-02-24 18:09:54', '2021-02-24 18:09:54'),
(94, 'Ani Hoveyan', 'anulya55@yahoo.com', NULL, '$2y$10$tXHJBQmcKWtOLEKy0nu.B.Niue9tUxrKX423jbOhEUo6uEgWoXcBu', NULL, '2021-02-24 18:16:19', '2021-02-24 18:16:19'),
(95, 'Esther Yakhshyan', 'e.yakhshyan@yahoo.com', NULL, '$2y$10$qmgOQ9ERu.HZ63ve1fom1eG1xEmbou9tnGMdZI50/IP8CszWuJiHy', NULL, '2021-02-24 18:30:56', '2021-02-24 18:30:56'),
(96, 'Roza', 'roseshirinyan@gmail.com', NULL, '$2y$10$2XP2d6R5pBCCB5FcJHuCFevqeqa2Yo1KbiVQqQlTdxkWGjXVW0wbK', NULL, '2021-02-24 18:47:38', '2021-02-24 18:47:38'),
(97, 'Alla', 'alla.vermishyan@mail.ru', NULL, '$2y$10$q/EOYSI0bsiwcnJpJ4UsjONjZCZfR6BHRYmYsHMNWdZZ8xFWUI9.a', NULL, '2021-02-24 18:58:52', '2021-02-24 18:58:52'),
(98, 'Siranush', 'siranushsahakyan8@gmail.com', NULL, '$2y$10$klfd25Rx7GOiUAzYvoUTv.yw1e.WZObDmXFjnNq2Y6PguVAKf3vpy', NULL, '2021-02-24 19:05:18', '2021-02-24 19:05:18'),
(99, 'Sona', 'sonakhachatryan96@mail.ru', NULL, '$2y$10$2Uw/NJIOympe6lxrfJNCj.Opi27wAGtppa1Nsci3C.i5/7SDUgBry', NULL, '2021-02-24 19:22:23', '2021-02-24 19:22:23'),
(100, 'Elen', 'elasatrian@gmail.com', NULL, '$2y$10$m3ALiU1ojsd1KbDNUVRM9u7Y6BNmNWRvBLvr49Npvf6dl4FWqd7bG', NULL, '2021-02-24 19:32:59', '2021-02-24 19:32:59'),
(101, 'Lilit', 'lil.hambardzumyan1998@gmail.com', NULL, '$2y$10$G.WCMnYJHvtL2VJMzn6zjO29xyDEVpCoJ.wVko0gns6YrXMyKb/aC', NULL, '2021-02-24 19:33:32', '2021-02-24 19:33:32'),
(102, 'Lilit', 'lili.hambardzumyan1998@gmail.com', NULL, '$2y$10$kSdHRLU7oM2bfj8y4guvZOac/Yy4wPP7K2THuh3lKVlNUN.AKG3xu', NULL, '2021-02-24 19:36:51', '2021-02-24 19:36:51'),
(103, 'Lilith', 'LilithghazarianLilith@gmail.com', NULL, '$2y$10$WXDA7q.KU2Mscb8iLCRLIuWfl9A4U65UOOqDlaC5DRoACbp2DDvtO', NULL, '2021-02-24 19:57:52', '2021-02-24 19:57:52'),
(104, 'Anahit', 'anahitann346@gmail.com', NULL, '$2y$10$p3MC1S3HLMHEr9E4P0dbT./d0d0m/Sf/oBVfR8rkWaVTOe2fNeQXy', 'L7vUNhrfo0sdk8VywbHipt5gpH1ApFBbroSTb7cBi7GYAzJnfGCuPQrdYGV5', '2021-02-24 20:09:42', '2021-02-24 20:09:42'),
(105, 'Lusine', 'lusinebabayan152@gmail.com', NULL, '$2y$10$byC.IdYvIXk6vTBdLPXVOevBsNnTWxP.xbkvbIR/8FzUZt7i/C/ZS', NULL, '2021-02-24 20:24:45', '2021-02-24 20:24:45'),
(106, 'Astghik Sargsyan', 'astghsargsyan7@gmail.com', NULL, '$2y$10$LhtW1QEK8vfqcXVZyqTOJOPB9GoHKPpRB.FDN6mTxyTXz7NsgBI/q', NULL, '2021-02-24 20:46:45', '2021-02-24 20:46:45'),
(107, 'Gayane', 'gagagayane64@gmail.com', NULL, '$2y$10$GhEqCZmC6ZMZD.lEIkzJwO450rRa.bub4BPh3irY2NhEJy/Hkl1ea', NULL, '2021-02-24 20:50:25', '2021-02-24 20:50:25'),
(108, 'Meri', 'felice.1990@mail.ru', NULL, '$2y$10$Gib4qMeOkUEtmn.ETfV1CuDZH.YiTZLOi00bjCIEsc1ltinlw1.Ce', NULL, '2021-02-24 21:21:50', '2021-02-24 21:21:50'),
(109, 'Անն', 'karann.aram@gmail.com', NULL, '$2y$10$Zyqn7cC4W5j2jaLd2ZcaZu9S/Ug6oWPYOsyQqNW16/324NsWqgrh2', NULL, '2021-02-24 22:07:17', '2021-02-24 22:07:17'),
(110, 'Vika', 'viktorya.xazaryan@mail.ru', NULL, '$2y$10$AT3uzUNH89zi78e76w.av.lOZkfpm7VHa3zkesWZ4/3acwHvfzfpy', NULL, '2021-02-24 22:13:24', '2021-02-24 22:13:24'),
(111, 'Ashkhen', 'ashkhenkhachatryan1@gmail.com', NULL, '$2y$10$UBXZCnXhPpF3atve00OEP.o4zceN42mgoSWQ5NaABQBeHaLx5KVmq', NULL, '2021-02-25 00:01:32', '2021-02-25 00:01:32'),
(112, 'Meline Kirakosyan', 'melinekirakosyan1990@gmail.com', NULL, '$2y$10$KQhJ.A2lGH6YSKqrmHucwuEZX2vj7G0nIPssaAjb5dU1znyvJkThe', 'jsKXuJjOirKyTY2OnocAeP8XVqyAspzylg1KHmMUc8Cl0a40NQfus6vCo2AE', '2021-02-25 02:47:45', '2021-02-25 02:47:45'),
(113, 'Luiza', 'luizatevosyan95@gmail.com', NULL, '$2y$10$8buCHeEkcMDxip4C9FUPOeIOUjAXmyRDnnWuklJCcvJXMtEMfoP/G', NULL, '2021-02-25 03:58:01', '2021-02-25 03:58:01'),
(114, 'Luiza', 'luiza.tevosyan@mail.ru', NULL, '$2y$10$YzRfDeT0diOAIet7HINzXu/OnfbSM5sQhD3ECzhNrRUxK2J2/MUj6', NULL, '2021-02-25 04:01:02', '2021-02-25 04:01:02'),
(115, 'Lusine', 'lusine0579@mail.ru', NULL, '$2y$10$Yy/l6MN4Q5t2Jrj0bvzQ7uDFHZuUKi1x3c/jQC/ghvNk2eyhx9LB2', NULL, '2021-02-25 04:26:17', '2021-02-25 04:26:17'),
(116, 'liana', 'badeyanliana@yahoo.com', NULL, '$2y$10$PvKrMOD98GFZPkYXAUhBi.v3BUrHgyQpMfVcRE7xWgckKT.6YfCSO', NULL, '2021-02-25 04:27:17', '2021-02-25 04:27:17'),
(117, 'Ani', 'aniasatriann7@gmail.com', NULL, '$2y$10$jPjqqIkiTiUKPYo0F6G3oewT0Yf4ZCHk0yVf5G8YnXTeJARcsiMwG', NULL, '2021-02-25 04:34:12', '2021-02-25 04:34:12'),
(118, 'Meri', 'meri.b.2003@gmail.com', NULL, '$2y$10$O0X5.X6nl8q4QX8zs83souaw9FvgLuNL0n1U1KjQxPavyB8.sH6be', 'DZYleYOq2h65T18W8kjt1z3FK9GzYZuffCMaQZLvalRkyCW8K5k8v8ejhh2O', '2021-02-25 04:36:49', '2021-02-25 04:36:49'),
(119, 'M', 'Marimelkonyan04@mail.ru', NULL, '$2y$10$gKPger43fZZqh4vGF/CT4eHmBnXFqs2wTihPrB8yCucE2/x8lsBAK', NULL, '2021-02-25 04:41:55', '2021-02-25 04:41:55'),
(120, 'Syuzan', 'SYUZANNA333@RAMBLER.RU', NULL, '$2y$10$YSp50SMC7s619JYN/Cn3cuuWPaPPsammy6PSwffgugdszuF3.B0o2', NULL, '2021-02-25 05:14:31', '2021-02-25 05:14:31'),
(121, 'Tatevik Baghdagyulyan', 'Btatevik@yahoo.com', NULL, '$2y$10$AzlCqg6pQxJS5oBgfy9Uq.NQvZcOhP.xJBLSoK61vJ/28WXBeSsD6', NULL, '2021-02-25 05:25:21', '2021-02-25 05:25:21'),
(122, 'Hayarpi Sukiasyan', 'sa.hayarpi@gmail.com', NULL, '$2y$10$iufNDPhxQ7rVmA3lTsjSAOdVfS8ByI27pVfiNcqJ4XqIl5xp6xND6', 'jFDdXEaZuK5wnb2pgyds2l8k0wRrJwFqPs5HqzFozWvZR6E4T1xrdBTHht8Q', '2021-02-25 05:26:58', '2021-02-25 05:26:58'),
(123, 'Nazeli', 'nazelipoghosyan2@gmail.com', NULL, '$2y$10$re.S7UmiKvh.NguxZITSYu4BmO45zy8bvX43vXOdOQtd7u43Y9P4m', NULL, '2021-02-25 05:31:40', '2021-02-25 05:31:40'),
(124, 'Ruzan', 'ruzz91@mail.ru', NULL, '$2y$10$aETOkMFrHBBZeD3iCbka1.GN4lQLqQk.oReVxQPizdzQIb8IU5aRu', NULL, '2021-02-25 05:36:01', '2021-02-25 05:36:01'),
(125, 'Shushan', 'sargshushan@mail.ru', NULL, '$2y$10$qLTH.6EGa30wgGQVkuc7euaVSLTCjsYbYWQi6uDDpDN0YK7WhdIla', NULL, '2021-02-25 05:38:11', '2021-02-25 05:38:11'),
(126, 'Tatev', 'safaryan88_88@mail.ru', NULL, '$2y$10$.gJJz6JZ0WaRCznn2KIUJuU7HuyS4LDi8U1GHFn1C.BmiqFHBP8/W', NULL, '2021-02-25 05:45:07', '2021-02-25 05:45:07'),
(127, 'Susanna', 'ssusik@mail.ru', NULL, '$2y$10$RHnRuSHUAoPkIb5iX3SwF.I/SMg66YS6nBXnxCFmawGamL78frU2e', NULL, '2021-02-25 06:49:33', '2021-02-25 06:49:33'),
(128, 'Mariam', 'tonoian95@mail.ru', NULL, '$2y$10$tjQ7EvCwy/Z1wjLDoFZGJuKvCqg1I30JV8DB7tPWqzzclOVq4Q9R.', 'TpYa5vPp3mUY2XQeNg2qQpbTJY09W7ouLtB1wV8sJs4uH31dgqCJWpx4oTqk', '2021-02-25 06:54:01', '2021-02-25 06:54:01'),
(129, 'Lilith', 'lilmnatsakanian@gmail.com', NULL, '$2y$10$Om3ExLpAUd/hJWASEy6WhusgM.jd2ESKT1S4CUyRauORyODpag/m2', NULL, '2021-02-25 07:05:00', '2021-02-25 07:05:00'),
(130, 'Syuzanna', 'syuzanna.85@mail.ru', NULL, '$2y$10$f4hRgge/lBZr0HegOVFqbe5EDCnNzUq7Xlsw9uSGn76TMnjQmJlPS', NULL, '2021-02-25 07:18:45', '2021-02-25 07:18:45'),
(131, 'Flora', 'fgalistyan@bk.ru', NULL, '$2y$10$5G/hiconCSilq.AdBlmOVuBUEbudz6zhDlS89YEhbfmVkquSFluYm', NULL, '2021-02-25 07:19:06', '2021-02-25 07:19:06'),
(132, 'arpi', 'Arpipetrosyann@gamil.com', NULL, '$2y$10$0uHrJCSSxfWCSe6tr3G2jOnh2KZNVoez2RE7gFVbVqBqPTytHIFuq', NULL, '2021-02-25 07:55:17', '2021-02-25 07:55:17'),
(133, 'Karina', 'karina.avag.1999@gmail.com', NULL, '$2y$10$Tnf82xpR7zBUdph5wQD3EueiTJE8o8UsqjGghRRIeeOHgfXI5xfyC', NULL, '2021-02-25 08:00:18', '2021-02-25 08:00:18'),
(134, 'Albertina', 'albertina.gevorgyan@gmail.com', NULL, '$2y$10$q79KsKdIh3SMvT5QkmPfuOnNuNwH/1OEwhaWGJLKdC/K8DYFfaZdG', NULL, '2021-02-25 09:22:11', '2021-02-25 09:22:11'),
(135, 'Inna', 'inna.gasparyan0@gmail.com', NULL, '$2y$10$S8UEMCCgOhD84FTHB.SAh.wOGoCNgV5uVG4b.7s4CWv18v1nk/nDi', NULL, '2021-02-25 11:06:03', '2021-02-25 11:06:03'),
(136, 'Lucha', 'luchapapikyan004@gmail.com', NULL, '$2y$10$cZK954iEOOn.XhHabQjYC.o0gk1qjbXmpBN/NtVO2hae7pe2VCsAG', NULL, '2021-02-25 11:10:04', '2021-02-25 11:10:04'),
(137, 'Anahit', 'vardaniananahit004@gmail.com', NULL, '$2y$10$7X31kawS1B4DMaavBvcWFux3gjWFbpuligJZP.W1FT8LZwcxFrphW', NULL, '2021-02-25 11:36:10', '2021-02-25 11:36:10'),
(138, 'Susanna', 'mnatsakanyan10.02.98@gmail.com', NULL, '$2y$10$xDuCju28apU3tXtWNbrIauzSbfCSXIrx/IVf0b3wEmliVxZRZiHCu', NULL, '2021-02-25 11:43:05', '2021-02-25 11:43:05'),
(139, 'Nvard', 'nbagratyan.95@mail.ru', NULL, '$2y$10$T8wmm/r2CunJZR6cXlJ9j.rOTvoTahJJttPLjHeReevhnNY8JGSVe', NULL, '2021-02-25 11:50:55', '2021-02-25 11:50:55'),
(140, 'Nvard', 'bagratyan.nvard95@gmail.com', NULL, '$2y$10$.GIsBEjZa55HSt3sXMCjqO5ODpASmfBYV0FpnSTRCOf9QII2KCNz.', NULL, '2021-02-25 11:52:16', '2021-02-25 11:52:16'),
(141, 'Liana Vardanyan', 'l.vardanyan@hotmail.com', NULL, '$2y$10$T3CnvqZYiHulzb325N90GOOK0ab5cY098Vl0IaiZhvrqIJrAYyJM.', NULL, '2021-02-25 12:17:20', '2021-02-25 12:17:20'),
(142, 'Ani', 'hayr1996@mail.ru', NULL, '$2y$10$iFMo7na.Gtk.uttbM912EuawBsy6/GloCJgYPskGvGb3Qv4XhMJC.', NULL, '2021-02-25 12:42:42', '2021-02-25 12:42:42');

--
-- Indexes for dumped tables
--

--
-- Indexes for table `dictionaries`
--
ALTER TABLE `dictionaries`
  ADD PRIMARY KEY (`id`),
  ADD KEY `dictionaries_user_id_foreign` (`user_id`);

--
-- Indexes for table `failed_jobs`
--
ALTER TABLE `failed_jobs`
  ADD PRIMARY KEY (`id`);

--
-- Indexes for table `migrations`
--
ALTER TABLE `migrations`
  ADD PRIMARY KEY (`id`);

--
-- Indexes for table `password_resets`
--
ALTER TABLE `password_resets`
  ADD KEY `password_resets_email_index` (`email`);

--
-- Indexes for table `users`
--
ALTER TABLE `users`
  ADD PRIMARY KEY (`id`),
  ADD UNIQUE KEY `users_email_unique` (`email`);

--
-- AUTO_INCREMENT for dumped tables
--

--
-- AUTO_INCREMENT for table `dictionaries`
--
ALTER TABLE `dictionaries`
  MODIFY `id` bigint(20) UNSIGNED NOT NULL AUTO_INCREMENT, AUTO_INCREMENT=744;
--
-- AUTO_INCREMENT for table `failed_jobs`
--
ALTER TABLE `failed_jobs`
  MODIFY `id` bigint(20) UNSIGNED NOT NULL AUTO_INCREMENT;
--
-- AUTO_INCREMENT for table `migrations`
--
ALTER TABLE `migrations`
  MODIFY `id` int(10) UNSIGNED NOT NULL AUTO_INCREMENT, AUTO_INCREMENT=5;
--
-- AUTO_INCREMENT for table `users`
--
ALTER TABLE `users`
  MODIFY `id` bigint(20) UNSIGNED NOT NULL AUTO_INCREMENT, AUTO_INCREMENT=143;
--
-- Constraints for dumped tables
--

--
-- Constraints for table `dictionaries`
--
ALTER TABLE `dictionaries`
  ADD CONSTRAINT `dictionaries_user_id_foreign` FOREIGN KEY (`user_id`) REFERENCES `users` (`id`);

/*!40101 SET CHARACTER_SET_CLIENT=@OLD_CHARACTER_SET_CLIENT */;
/*!40101 SET CHARACTER_SET_RESULTS=@OLD_CHARACTER_SET_RESULTS */;
/*!40101 SET COLLATION_CONNECTION=@OLD_COLLATION_CONNECTION */;
